2.500000000000000000e+07,-8.959999999999999215e-03,1.793132977795134764e+02
2.600000000000000000e+07,-1.379999999999999977e-02,1.792858690007145697e+02
2.700000000000000000e+07,5.779999999999999548e-04,1.792582818434875378e+02
2.800000000000000000e+07,-3.629999999999999980e-03,1.792306935211000223e+02
2.900000000000000000e+07,1.119999999999999989e-02,1.792031040462716760e+02
3.000000000000000000e+07,1.280000000000000061e-02,1.791755134317253635e+02
3.100000000000000000e+07,4.530000000000000172e-03,1.791479216901870473e+02
3.200000000000000000e+07,6.810000000000000081e-03,1.791203288343859015e+02
3.300000000000000000e+07,-3.800000000000000209e-04,1.790927348770541414e+02
3.400000000000000000e+07,7.020000000000000198e-03,1.790651398309270235e+02
3.500000000000000000e+07,4.470000000000000015e-03,1.790375437087429304e+02
3.600000000000000000e+07,1.009999999999999960e-02,1.790099465232431157e+02
3.700000000000000000e+07,-8.739999999999999505e-03,1.789823482871718738e+02
3.800000000000000000e+07,-2.449999999999999921e-03,1.789549070653463900e+02
3.900000000000000000e+07,4.029999999999999728e-03,1.789280929044183210e+02
4.000000000000000000e+07,3.079999999999999839e-03,1.789012782266891293e+02
4.100000000000000000e+07,-5.700000000000000205e-03,1.788744630438906142e+02
4.200000000000000000e+07,-8.330000000000000598e-03,1.788476473677557976e+02
4.300000000000000000e+07,-3.030000000000000141e-03,1.788208312100190369e+02
4.400000000000000000e+07,1.779999999999999898e-03,1.787940145824159686e+02
4.500000000000000000e+07,-2.050000000000000086e-02,1.787671974966834512e+02
4.600000000000000000e+07,-2.100000000000000130e-02,1.787403799645594802e+02
4.700000000000000000e+07,-1.050000000000000065e-02,1.787135619977833869e+02
4.800000000000000000e+07,-5.120000000000000419e-03,1.786867436080954405e+02
4.900000000000000000e+07,-1.260000000000000009e-02,1.786599248072372177e+02
5.000000000000000000e+07,-1.430000000000000021e-02,1.786331056069512044e+02
5.100000000000000000e+07,-1.179999999999999973e-02,1.786062407373106282e+02
5.200000000000000000e+07,-1.409999999999999969e-02,1.785793558411982360e+02
5.300000000000000000e+07,-1.899999999999999953e-02,1.785524701314293736e+02
5.400000000000000000e+07,-2.189999999999999933e-02,1.785255836198075770e+02
5.500000000000000000e+07,-1.870000000000000134e-02,1.784986963181384851e+02
5.600000000000000000e+07,-2.239999999999999977e-02,1.784718082382298121e+02
5.700000000000000000e+07,-2.259999999999999856e-02,1.784449193918913750e+02
5.800000000000000000e+07,-2.649999999999999925e-02,1.784180297909349804e+02
5.900000000000000000e+07,-2.489999999999999852e-02,1.783911394471743961e+02
6.000000000000000000e+07,-2.510000000000000078e-02,1.783642483724254078e+02
6.100000000000000000e+07,-2.680000000000000090e-02,1.783373565785057053e+02
6.200000000000000000e+07,-2.869999999999999982e-02,1.783104640772348546e+02
6.300000000000000000e+07,-2.939999999999999905e-02,1.782836128307922081e+02
6.400000000000000000e+07,-1.980000000000000163e-02,1.782569268305490482e+02
6.500000000000000000e+07,-2.659999999999999865e-02,1.782302402857539789e+02
6.600000000000000000e+07,-3.119999999999999857e-02,1.782035532079694633e+02
6.700000000000000000e+07,-3.930000000000000160e-02,1.781768656087592717e+02
6.800000000000000000e+07,-2.639999999999999986e-02,1.781501774996886525e+02
6.900000000000000000e+07,-2.210000000000000159e-02,1.781234888923240476e+02
7.000000000000000000e+07,-2.829999999999999877e-02,1.780967997982332918e+02
7.100000000000000000e+07,-1.700000000000000122e-02,1.780701102289854418e+02
7.200000000000000000e+07,-1.629999999999999852e-02,1.780434201961508336e+02
7.300000000000000000e+07,-3.300000000000000155e-02,1.780167297113009397e+02
7.400000000000000000e+07,-4.290000000000000063e-02,1.779900387860084550e+02
7.500000000000000000e+07,-3.189999999999999780e-02,1.779633474318472395e+02
7.600000000000000000e+07,-1.890000000000000013e-02,1.779368964638051125e+02
7.700000000000000000e+07,-4.460000000000000075e-02,1.779105469425621493e+02
7.800000000000000000e+07,-4.619999999999999801e-02,1.778841967368450980e+02
7.900000000000000000e+07,-5.689999999999999919e-02,1.778578458577740946e+02
8.000000000000000000e+07,-3.780000000000000027e-02,1.778314943164711224e+02
8.100000000000000000e+07,-4.979999999999999705e-02,1.778051421240597847e+02
8.200000000000000000e+07,-5.079999999999999793e-02,1.777787892916653050e+02
8.300000000000000000e+07,-5.739999999999999963e-02,1.777524358304145267e+02
8.400000000000000000e+07,-4.880000000000000310e-02,1.777260817514359701e+02
8.500000000000000000e+07,-5.559999999999999665e-02,1.776997270658596619e+02
8.600000000000000000e+07,-6.270000000000000573e-02,1.776733717848172205e+02
8.700000000000000000e+07,-6.130000000000000032e-02,1.776470159194416567e+02
8.800000000000000000e+07,-5.949999999999999734e-02,1.776205833659565485e+02
8.900000000000000000e+07,-4.590000000000000330e-02,1.775938505915488008e+02
9.000000000000000000e+07,-5.340000000000000302e-02,1.775671170511205901e+02
9.100000000000000000e+07,-5.909999999999999976e-02,1.775403827562795129e+02
9.200000000000000000e+07,-4.279999999999999777e-02,1.775136477186351271e+02
9.300000000000000000e+07,-4.569999999999999757e-02,1.774869119497989516e+02
9.400000000000000000e+07,-5.190000000000000169e-02,1.774601754613844378e+02
9.500000000000000000e+07,-4.529999999999999999e-02,1.774334382650067994e+02
9.600000000000000000e+07,-4.989999999999999991e-02,1.774067003722832396e+02
9.700000000000000000e+07,-5.700000000000000205e-02,1.773799617948327239e+02
9.800000000000000000e+07,-5.220000000000000334e-02,1.773532225442760080e+02
9.900000000000000000e+07,-5.399999999999999939e-02,1.773264826322355816e+02
1.000000000000000000e+08,-5.469999999999999862e-02,1.772997420703356966e+02
1.010000000000000000e+08,-5.589999999999999830e-02,1.772732093423713593e+02
1.020000000000000000e+08,-6.219999999999999835e-02,1.772467639761646012e+02
1.030000000000000000e+08,-5.680000000000000326e-02,1.772203178937028554e+02
1.040000000000000000e+08,-5.539999999999999786e-02,1.771938711062261689e+02
1.050000000000000000e+08,-5.700000000000000205e-02,1.771674236249761236e+02
1.060000000000000000e+08,-5.650000000000000161e-02,1.771409754611963194e+02
1.070000000000000000e+08,-5.149999999999999717e-02,1.771145266261319478e+02
1.080000000000000000e+08,-5.460000000000000270e-02,1.770880771310299622e+02
1.090000000000000000e+08,-5.340000000000000302e-02,1.770616269871389932e+02
1.100000000000000000e+08,-5.000000000000000278e-02,1.770351762057094049e+02
1.110000000000000000e+08,-5.809999999999999887e-02,1.770087247979930396e+02
1.120000000000000000e+08,-6.529999999999999694e-02,1.769822727752435298e+02
1.130000000000000000e+08,-7.000000000000000666e-02,1.769558384566023221e+02
1.140000000000000000e+08,-6.950000000000000622e-02,1.769294750054187659e+02
1.150000000000000000e+08,-7.739999999999999658e-02,1.769031105532511390e+02
1.160000000000000000e+08,-6.250000000000000000e-02,1.768767451112075832e+02
1.170000000000000000e+08,-6.199999999999999956e-02,1.768503786903987702e+02
1.180000000000000000e+08,-6.950000000000000622e-02,1.768240113019378725e+02
1.190000000000000000e+08,-6.890000000000000291e-02,1.767976429569405070e+02
1.200000000000000000e+08,-6.800000000000000488e-02,1.767712736665246780e+02
1.210000000000000000e+08,-7.370000000000000162e-02,1.767449034418108340e+02
1.220000000000000000e+08,-6.640000000000000069e-02,1.767185322939218395e+02
1.230000000000000000e+08,-7.280000000000000360e-02,1.766921602339828326e+02
1.240000000000000000e+08,-6.079999999999999988e-02,1.766657872731212251e+02
1.250000000000000000e+08,-5.439999999999999697e-02,1.766394134224668733e+02
1.260000000000000000e+08,-5.580000000000000238e-02,1.766131119405934840e+02
1.270000000000000000e+08,-7.080000000000000182e-02,1.765868408391476407e+02
1.280000000000000000e+08,-5.639999999999999875e-02,1.765605693669439802e+02
1.290000000000000000e+08,-5.650000000000000161e-02,1.765342975350217216e+02
1.300000000000000000e+08,-6.279999999999999472e-02,1.765080253544209654e+02
1.310000000000000000e+08,-6.660000000000000642e-02,1.764817528361827783e+02
1.320000000000000000e+08,-6.410000000000000420e-02,1.764554799913489660e+02
1.330000000000000000e+08,-7.240000000000000602e-02,1.764292068309622437e+02
1.340000000000000000e+08,-7.839999999999999747e-02,1.764029333660660654e+02
1.350000000000000000e+08,-7.749999999999999944e-02,1.763766596077046529e+02
1.360000000000000000e+08,-8.350000000000000477e-02,1.763503855669230518e+02
1.370000000000000000e+08,-8.140000000000000013e-02,1.763241112547669047e+02
1.380000000000000000e+08,-8.830000000000000349e-02,1.762978233213933947e+02
1.390000000000000000e+08,-8.019999999999999352e-02,1.762714827117243033e+02
1.400000000000000000e+08,-8.649999999999999356e-02,1.762451413100037882e+02
1.410000000000000000e+08,-9.249999999999999889e-02,1.762187991273318630e+02
1.420000000000000000e+08,-8.989999999999999380e-02,1.761924561748105589e+02
1.430000000000000000e+08,-9.439999999999999780e-02,1.761661124635438966e+02
1.440000000000000000e+08,-8.740000000000000546e-02,1.761397680046377445e+02
1.450000000000000000e+08,-9.149999999999999800e-02,1.761134228091999319e+02
1.460000000000000000e+08,-9.139999999999999514e-02,1.760870768883401354e+02
1.470000000000000000e+08,-8.959999999999999909e-02,1.760607302531698508e+02
1.480000000000000000e+08,-8.240000000000000102e-02,1.760343829148024213e+02
1.490000000000000000e+08,-8.509999999999999509e-02,1.760080348843529521e+02
1.500000000000000000e+08,-8.039999999999999925e-02,1.759816861729382822e+02
1.510000000000000000e+08,-7.799999999999999989e-02,1.759552302829886230e+02
1.520000000000000000e+08,-7.660000000000000142e-02,1.759287289882505547e+02
1.530000000000000000e+08,-7.470000000000000251e-02,1.759022269623281147e+02
1.540000000000000000e+08,-7.929999999999999549e-02,1.758757242165316939e+02
1.550000000000000000e+08,-8.630000000000000171e-02,1.758492207621735588e+02
1.560000000000000000e+08,-8.669999999999999929e-02,1.758227166105678805e+02
1.570000000000000000e+08,-7.560000000000000053e-02,1.757962117730305067e+02
1.580000000000000000e+08,-7.699999999999999900e-02,1.757697062608790475e+02
1.590000000000000000e+08,-9.349999999999999978e-02,1.757432000854329601e+02
1.600000000000000000e+08,-7.920000000000000651e-02,1.757166932580132936e+02
1.610000000000000000e+08,-8.440000000000000280e-02,1.756901857899428023e+02
1.620000000000000000e+08,-1.000000000000000056e-01,1.756636776925458605e+02
1.630000000000000000e+08,-9.049999999999999711e-02,1.756373001269814722e+02
1.640000000000000000e+08,-9.810000000000000664e-02,1.756114309019191637e+02
1.650000000000000000e+08,-8.669999999999999929e-02,1.755855610002337812e+02
1.660000000000000000e+08,-9.840000000000000135e-02,1.755596904324471552e+02
1.670000000000000000e+08,-1.010000000000000064e-01,1.755338192090827363e+02
1.680000000000000000e+08,-1.029999999999999943e-01,1.755079473406655950e+02
1.690000000000000000e+08,-1.120000000000000023e-01,1.754820748377223936e+02
1.700000000000000000e+08,-9.829999999999999849e-02,1.754562017107813290e+02
1.710000000000000000e+08,-1.069999999999999979e-01,1.754303279703721046e+02
1.720000000000000000e+08,-1.100000000000000006e-01,1.754044536270259300e+02
1.730000000000000000e+08,-1.049999999999999961e-01,1.753785786912755214e+02
1.740000000000000000e+08,-1.079999999999999988e-01,1.753527031736550725e+02
1.750000000000000000e+08,-1.100000000000000006e-01,1.753268270847000849e+02
1.760000000000000000e+08,-1.120000000000000023e-01,1.753006683243642954e+02
1.770000000000000000e+08,-1.049999999999999961e-01,1.752743909594388185e+02
1.780000000000000000e+08,-1.049999999999999961e-01,1.752481128794125311e+02
1.790000000000000000e+08,-1.039999999999999952e-01,1.752218340953118627e+02
1.800000000000000000e+08,-1.029999999999999943e-01,1.751955546181650050e+02
1.810000000000000000e+08,-9.740000000000000047e-02,1.751692744590019117e+02
1.820000000000000000e+08,-9.779999999999999805e-02,1.751429936288542990e+02
1.830000000000000000e+08,-9.800000000000000377e-02,1.751167121387555028e+02
1.840000000000000000e+08,-9.500000000000000111e-02,1.750904299997405360e+02
1.850000000000000000e+08,-9.859999999999999321e-02,1.750641472228461168e+02
1.860000000000000000e+08,-9.249999999999999889e-02,1.750378638191104983e+02
1.870000000000000000e+08,-1.049999999999999961e-01,1.750115797995735250e+02
1.880000000000000000e+08,-9.500000000000000111e-02,1.749852857452463297e+02
1.890000000000000000e+08,-9.229999999999999316e-02,1.749589544028637533e+02
1.900000000000000000e+08,-9.099999999999999756e-02,1.749326220398100702e+02
1.910000000000000000e+08,-1.029999999999999943e-01,1.749062886671505055e+02
1.920000000000000000e+08,-1.029999999999999943e-01,1.748799542959526150e+02
1.930000000000000000e+08,-1.059999999999999970e-01,1.748536189372866829e+02
1.940000000000000000e+08,-1.029999999999999943e-01,1.748272826022254094e+02
1.950000000000000000e+08,-1.029999999999999943e-01,1.748009453018439388e+02
1.960000000000000000e+08,-9.130000000000000615e-02,1.747746070472199165e+02
1.970000000000000000e+08,-9.239999999999999603e-02,1.747482678494333186e+02
1.980000000000000000e+08,-9.009999999999999953e-02,1.747219277195666507e+02
1.990000000000000000e+08,-1.059999999999999970e-01,1.746955866687046637e+02
2.000000000000000000e+08,-9.389999999999999736e-02,1.746692447079344390e+02
2.010000000000000000e+08,-9.349999999999999978e-02,1.746433886301917937e+02
2.020000000000000000e+08,-9.929999999999999938e-02,1.746177346271422266e+02
2.030000000000000000e+08,-1.000000000000000056e-01,1.745920800416321015e+02
2.040000000000000000e+08,-9.750000000000000333e-02,1.745664248839286756e+02
2.050000000000000000e+08,-1.079999999999999988e-01,1.745407691643006274e+02
2.060000000000000000e+08,-1.010000000000000064e-01,1.745151128930179709e+02
2.070000000000000000e+08,-1.079999999999999988e-01,1.744894560803520847e+02
2.080000000000000000e+08,-1.089999999999999997e-01,1.744637987365755976e+02
2.090000000000000000e+08,-1.049999999999999961e-01,1.744381408719624176e+02
2.100000000000000000e+08,-1.059999999999999970e-01,1.744124824967877601e+02
2.110000000000000000e+08,-1.059999999999999970e-01,1.743868236213280625e+02
2.120000000000000000e+08,-1.089999999999999997e-01,1.743611642558608708e+02
2.130000000000000000e+08,-1.069999999999999979e-01,1.743354116890354248e+02
2.140000000000000000e+08,-1.010000000000000064e-01,1.743093020043614274e+02
2.150000000000000000e+08,-1.010000000000000064e-01,1.742831917234676951e+02
2.160000000000000000e+08,-1.079999999999999988e-01,1.742570808571789200e+02
2.170000000000000000e+08,-1.120000000000000023e-01,1.742309694163212725e+02
2.180000000000000000e+08,-1.069999999999999979e-01,1.742048574117222870e+02
2.190000000000000000e+08,-1.120000000000000023e-01,1.741787448542110042e+02
2.200000000000000000e+08,-1.059999999999999970e-01,1.741526317546177722e+02
2.210000000000000000e+08,-1.079999999999999988e-01,1.741265181237742752e+02
2.220000000000000000e+08,-1.120000000000000023e-01,1.741004039725135613e+02
2.230000000000000000e+08,-1.110000000000000014e-01,1.740742893116699577e+02
2.240000000000000000e+08,-1.029999999999999943e-01,1.740481741520790706e+02
2.250000000000000000e+08,-1.140000000000000041e-01,1.740220585045777568e+02
2.260000000000000000e+08,-1.069999999999999979e-01,1.739959633456633981e+02
2.270000000000000000e+08,-1.140000000000000041e-01,1.739698764573560652e+02
2.280000000000000000e+08,-1.219999999999999973e-01,1.739437891576988875e+02
2.290000000000000000e+08,-1.130000000000000032e-01,1.739177014574985094e+02
2.300000000000000000e+08,-9.919999999999999651e-02,1.738916133675625701e+02
2.310000000000000000e+08,-1.150000000000000050e-01,1.738655248986997321e+02
2.320000000000000000e+08,-1.170000000000000068e-01,1.738394360617195105e+02
2.330000000000000000e+08,-1.179999999999999938e-01,1.738133468674324149e+02
2.340000000000000000e+08,-1.029999999999999943e-01,1.737872573266498364e+02
2.350000000000000000e+08,-9.389999999999999736e-02,1.737611674501839332e+02
2.360000000000000000e+08,-1.160000000000000059e-01,1.737350772488478583e+02
2.370000000000000000e+08,-1.110000000000000014e-01,1.737089867334554185e+02
2.380000000000000000e+08,-1.010000000000000064e-01,1.736829867744739317e+02
2.390000000000000000e+08,-1.130000000000000032e-01,1.736573340432125860e+02
2.400000000000000000e+08,-1.039999999999999952e-01,1.736316805480805954e+02
2.410000000000000000e+08,-1.130000000000000032e-01,1.736060262993298409e+02
2.420000000000000000e+08,-1.029999999999999943e-01,1.735803713072139089e+02
2.430000000000000000e+08,-9.729999999999999760e-02,1.735547155819881766e+02
2.440000000000000000e+08,-1.069999999999999979e-01,1.735290591339098683e+02
2.450000000000000000e+08,-9.279999999999999361e-02,1.735034019732378283e+02
2.460000000000000000e+08,-1.019999999999999934e-01,1.734777441102327771e+02
2.470000000000000000e+08,-9.909999999999999365e-02,1.734520855551569127e+02
2.480000000000000000e+08,-9.600000000000000200e-02,1.734264263182742809e+02
2.490000000000000000e+08,-1.069999999999999979e-01,1.734007664098504620e+02
2.500000000000000000e+08,-1.049999999999999961e-01,1.733751058401526848e+02
2.510000000000000000e+08,-1.039999999999999952e-01,1.733492466546424851e+02
2.520000000000000000e+08,-1.029999999999999943e-01,1.733233049687372045e+02
2.530000000000000000e+08,-1.160000000000000059e-01,1.732973626344585512e+02
2.540000000000000000e+08,-1.160000000000000059e-01,1.732714196624194187e+02
2.550000000000000000e+08,-1.130000000000000032e-01,1.732454760632342641e+02
2.560000000000000000e+08,-1.100000000000000006e-01,1.732195318475191357e+02
2.570000000000000000e+08,-1.089999999999999997e-01,1.731935870258915600e+02
2.580000000000000000e+08,-1.100000000000000006e-01,1.731676416089705413e+02
2.590000000000000000e+08,-1.039999999999999952e-01,1.731416956073765618e+02
2.600000000000000000e+08,-1.049999999999999961e-01,1.731157490317315819e+02
2.610000000000000000e+08,-1.010000000000000064e-01,1.730898018926588975e+02
2.620000000000000000e+08,-9.229999999999999316e-02,1.730638542007832825e+02
2.630000000000000000e+08,-9.790000000000000091e-02,1.730379139208397419e+02
2.640000000000000000e+08,-9.800000000000000377e-02,1.730120034593956007e+02
2.650000000000000000e+08,-9.279999999999999361e-02,1.729860925436517789e+02
2.660000000000000000e+08,-9.020000000000000240e-02,1.729601811841947097e+02
2.670000000000000000e+08,-9.660000000000000531e-02,1.729342693916121334e+02
2.680000000000000000e+08,-1.079999999999999988e-01,1.729083571764926432e+02
2.690000000000000000e+08,-1.029999999999999943e-01,1.728824445494260544e+02
2.700000000000000000e+08,-9.089999999999999469e-02,1.728565315210031486e+02
2.710000000000000000e+08,-1.079999999999999988e-01,1.728306181018155314e+02
2.720000000000000000e+08,-9.869999999999999607e-02,1.728047043024559741e+02
2.730000000000000000e+08,-1.029999999999999943e-01,1.727787901335181289e+02
2.740000000000000000e+08,-1.029999999999999943e-01,1.727528756055964436e+02
2.750000000000000000e+08,-9.710000000000000575e-02,1.727269607292864180e+02
2.760000000000000000e+08,-1.140000000000000041e-01,1.727008953569791174e+02
2.770000000000000000e+08,-1.010000000000000064e-01,1.726747678294038337e+02
2.780000000000000000e+08,-9.629999999999999671e-02,1.726486400167515001e+02
2.790000000000000000e+08,-9.220000000000000417e-02,1.726225119298842401e+02
2.800000000000000000e+08,-9.829999999999999849e-02,1.725963835796648311e+02
2.810000000000000000e+08,-9.349999999999999978e-02,1.725702549769567611e+02
2.820000000000000000e+08,-1.010000000000000064e-01,1.725441261326240578e+02
2.830000000000000000e+08,-1.179999999999999938e-01,1.725179970575314599e+02
2.840000000000000000e+08,-1.019999999999999934e-01,1.724918677625441887e+02
2.850000000000000000e+08,-9.669999999999999429e-02,1.724657382585280914e+02
2.860000000000000000e+08,-1.019999999999999934e-01,1.724396085563494694e+02
2.870000000000000000e+08,-1.059999999999999970e-01,1.724134786668751929e+02
2.880000000000000000e+08,-1.079999999999999988e-01,1.723874563739130110e+02
2.890000000000000000e+08,-1.039999999999999952e-01,1.723618424875513711e+02
2.900000000000000000e+08,-1.010000000000000064e-01,1.723362280459105875e+02
2.910000000000000000e+08,-1.110000000000000014e-01,1.723106130592114482e+02
2.920000000000000000e+08,-1.059999999999999970e-01,1.722849975376761336e+02
2.930000000000000000e+08,-1.069999999999999979e-01,1.722593814915281030e+02
2.940000000000000000e+08,-1.039999999999999952e-01,1.722337649309920096e+02
2.950000000000000000e+08,-1.049999999999999961e-01,1.722081478662938139e+02
2.960000000000000000e+08,-1.110000000000000014e-01,1.721825303076606417e+02
2.970000000000000000e+08,-1.039999999999999952e-01,1.721569122653207558e+02
2.980000000000000000e+08,-1.110000000000000014e-01,1.721312937495036977e+02
2.990000000000000000e+08,-1.110000000000000014e-01,1.721056747704400607e+02
3.000000000000000000e+08,-1.120000000000000023e-01,1.720800553383615465e+02
3.010000000000000000e+08,-1.100000000000000006e-01,1.720539634604504045e+02
3.020000000000000000e+08,-1.130000000000000032e-01,1.720276773050285612e+02
3.030000000000000000e+08,-1.120000000000000023e-01,1.720013905907124183e+02
3.040000000000000000e+08,-1.179999999999999938e-01,1.719751033285506026e+02
3.050000000000000000e+08,-1.130000000000000032e-01,1.719488155295930767e+02
3.060000000000000000e+08,-1.019999999999999934e-01,1.719225272048911677e+02
3.070000000000000000e+08,-1.059999999999999970e-01,1.718962383654975667e+02
3.080000000000000000e+08,-9.979999999999999982e-02,1.718699490224662441e+02
3.090000000000000000e+08,-9.389999999999999736e-02,1.718436591868524204e+02
3.100000000000000000e+08,-8.429999999999999993e-02,1.718173688697125385e+02
3.110000000000000000e+08,-1.000000000000000056e-01,1.717910780821043488e+02
3.120000000000000000e+08,-1.089999999999999997e-01,1.717647868350867384e+02
3.130000000000000000e+08,-9.410000000000000309e-02,1.717386572693153255e+02
3.140000000000000000e+08,-1.010000000000000064e-01,1.717131394072207513e+02
3.150000000000000000e+08,-1.010000000000000064e-01,1.716876209863140446e+02
3.160000000000000000e+08,-1.089999999999999997e-01,1.716621020167010272e+02
3.170000000000000000e+08,-1.089999999999999997e-01,1.716365825084888570e+02
3.180000000000000000e+08,-8.160000000000000586e-02,1.716110624717859139e+02
3.190000000000000000e+08,-1.059999999999999970e-01,1.715855419167019420e+02
3.200000000000000000e+08,-1.019999999999999934e-01,1.715600208533477371e+02
3.210000000000000000e+08,-1.029999999999999943e-01,1.715344992918355445e+02
3.220000000000000000e+08,-9.950000000000000511e-02,1.715089772422786325e+02
3.230000000000000000e+08,-1.110000000000000014e-01,1.714834547147914350e+02
3.240000000000000000e+08,-1.100000000000000006e-01,1.714579317194895793e+02
3.250000000000000000e+08,-1.069999999999999979e-01,1.714324082664897446e+02
3.260000000000000000e+08,-9.959999999999999409e-02,1.714065307332728025e+02
3.270000000000000000e+08,-1.110000000000000014e-01,1.713805081136583794e+02
3.280000000000000000e+08,-1.059999999999999970e-01,1.713544850298191307e+02
3.290000000000000000e+08,-1.150000000000000050e-01,1.713284614924793061e+02
3.300000000000000000e+08,-1.029999999999999943e-01,1.713024375123643779e+02
3.310000000000000000e+08,-1.049999999999999961e-01,1.712764131002008696e+02
3.320000000000000000e+08,-1.069999999999999979e-01,1.712503882667164135e+02
3.330000000000000000e+08,-1.029999999999999943e-01,1.712243630226396363e+02
3.340000000000000000e+08,-1.089999999999999997e-01,1.711983373787001881e+02
3.350000000000000000e+08,-9.569999999999999341e-02,1.711723113456287706e+02
3.360000000000000000e+08,-9.420000000000000595e-02,1.711462849341569665e+02
3.370000000000000000e+08,-9.210000000000000131e-02,1.711202581550172965e+02
3.380000000000000000e+08,-9.529999999999999583e-02,1.710942401543601079e+02
3.390000000000000000e+08,-9.310000000000000220e-02,1.710682562350101534e+02
3.400000000000000000e+08,-9.990000000000000269e-02,1.710422721236447785e+02
3.410000000000000000e+08,-9.909999999999999365e-02,1.710162878309501764e+02
3.420000000000000000e+08,-9.909999999999999365e-02,1.709903033676131088e+02
3.430000000000000000e+08,-1.029999999999999943e-01,1.709643187443207637e+02
3.440000000000000000e+08,-1.069999999999999979e-01,1.709383339717606418e+02
3.450000000000000000e+08,-1.019999999999999934e-01,1.709123490606206701e+02
3.460000000000000000e+08,-1.110000000000000014e-01,1.708863640215890882e+02
3.470000000000000000e+08,-1.130000000000000032e-01,1.708603788653544484e+02
3.480000000000000000e+08,-1.069999999999999979e-01,1.708343936026056440e+02
3.490000000000000000e+08,-1.089999999999999997e-01,1.708084082440317957e+02
3.500000000000000000e+08,-1.150000000000000050e-01,1.707824228003222231e+02
3.510000000000000000e+08,-1.100000000000000006e-01,1.707566330071082348e+02
3.520000000000000000e+08,-1.280000000000000027e-01,1.707309225275989490e+02
3.530000000000000000e+08,-1.229999999999999982e-01,1.707052115591235975e+02
3.540000000000000000e+08,-1.100000000000000006e-01,1.706795001120232200e+02
3.550000000000000000e+08,-1.239999999999999991e-01,1.706537881966401073e+02
3.560000000000000000e+08,-1.300000000000000044e-01,1.706280758233176584e+02
3.570000000000000000e+08,-1.130000000000000032e-01,1.706023630024003523e+02
3.580000000000000000e+08,-1.079999999999999988e-01,1.705766497442338050e+02
3.590000000000000000e+08,-1.110000000000000014e-01,1.705509360591645986e+02
3.600000000000000000e+08,-1.219999999999999973e-01,1.705252219575404240e+02
3.610000000000000000e+08,-1.189999999999999947e-01,1.704995074497099381e+02
3.620000000000000000e+08,-1.160000000000000059e-01,1.704737925460228212e+02
3.630000000000000000e+08,-1.150000000000000050e-01,1.704480853631864363e+02
3.640000000000000000e+08,-1.209999999999999964e-01,1.704224079706157227e+02
3.650000000000000000e+08,-1.260000000000000009e-01,1.703967299328223532e+02
3.660000000000000000e+08,-1.110000000000000014e-01,1.703710512600973175e+02
3.670000000000000000e+08,-1.140000000000000041e-01,1.703453719627333101e+02
3.680000000000000000e+08,-1.219999999999999973e-01,1.703196920510244468e+02
3.690000000000000000e+08,-1.130000000000000032e-01,1.702940115352663213e+02
3.700000000000000000e+08,-1.189999999999999947e-01,1.702683304257559485e+02
3.710000000000000000e+08,-1.209999999999999964e-01,1.702426487327918778e+02
3.720000000000000000e+08,-1.170000000000000068e-01,1.702169664666739664e+02
3.730000000000000000e+08,-1.160000000000000059e-01,1.701912836377035205e+02
3.740000000000000000e+08,-1.229999999999999982e-01,1.701656002561831258e+02
3.750000000000000000e+08,-1.199999999999999956e-01,1.701399163324167603e+02
3.760000000000000000e+08,-1.199999999999999956e-01,1.701139922403748130e+02
3.770000000000000000e+08,-1.260000000000000009e-01,1.700879702699100449e+02
3.780000000000000000e+08,-1.270000000000000018e-01,1.700619477062859630e+02
3.790000000000000000e+08,-1.290000000000000036e-01,1.700359245602184330e+02
3.800000000000000000e+08,-1.260000000000000009e-01,1.700099008424248268e+02
3.810000000000000000e+08,-1.250000000000000000e-01,1.699838765636238236e+02
3.820000000000000000e+08,-1.209999999999999964e-01,1.699578517345356374e+02
3.830000000000000000e+08,-1.340000000000000080e-01,1.699318263658817045e+02
3.840000000000000000e+08,-1.330000000000000071e-01,1.699058004683849106e+02
3.850000000000000000e+08,-1.380000000000000115e-01,1.698797740527694202e+02
3.860000000000000000e+08,-1.310000000000000053e-01,1.698537471297605634e+02
3.870000000000000000e+08,-1.260000000000000009e-01,1.698277197100851197e+02
3.880000000000000000e+08,-1.330000000000000071e-01,1.698017229413987081e+02
3.890000000000000000e+08,-1.340000000000000080e-01,1.697758419735457665e+02
3.900000000000000000e+08,-1.209999999999999964e-01,1.697499610039583047e+02
3.910000000000000000e+08,-1.260000000000000009e-01,1.697240800431978016e+02
3.920000000000000000e+08,-1.229999999999999982e-01,1.696981991018257645e+02
3.930000000000000000e+08,-1.219999999999999973e-01,1.696723181904036437e+02
3.940000000000000000e+08,-1.130000000000000032e-01,1.696464373194928044e+02
3.950000000000000000e+08,-1.120000000000000023e-01,1.696205564996545263e+02
3.960000000000000000e+08,-1.189999999999999947e-01,1.695946757414499473e+02
3.970000000000000000e+08,-1.229999999999999982e-01,1.695687950554400629e+02
3.980000000000000000e+08,-1.229999999999999982e-01,1.695429144521856983e+02
3.990000000000000000e+08,-1.029999999999999943e-01,1.695170339422474797e+02
4.000000000000000000e+08,-1.120000000000000023e-01,1.694911535361858057e+02
4.010000000000000000e+08,-1.189999999999999947e-01,1.694652693594320567e+02
4.020000000000000000e+08,-1.130000000000000032e-01,1.694393831534889046e+02
4.030000000000000000e+08,-1.089999999999999997e-01,1.694134964024007104e+02
4.040000000000000000e+08,-1.179999999999999938e-01,1.693876091167191476e+02
4.050000000000000000e+08,-1.250000000000000000e-01,1.693617213069971967e+02
4.060000000000000000e+08,-1.160000000000000059e-01,1.693358329837892313e+02
4.070000000000000000e+08,-1.160000000000000059e-01,1.693099441576507900e+02
4.080000000000000000e+08,-1.290000000000000036e-01,1.692840548391386335e+02
4.090000000000000000e+08,-1.439999999999999891e-01,1.692581650388107448e+02
4.100000000000000000e+08,-1.320000000000000062e-01,1.692322747672263290e+02
4.110000000000000000e+08,-1.380000000000000115e-01,1.692063840349457280e+02
4.120000000000000000e+08,-1.360000000000000098e-01,1.691804928525303637e+02
4.130000000000000000e+08,-1.320000000000000062e-01,1.691546535998914180e+02
4.140000000000000000e+08,-1.300000000000000044e-01,1.691290080210802955e+02
4.150000000000000000e+08,-1.219999999999999973e-01,1.691033618308161408e+02
4.160000000000000000e+08,-1.219999999999999973e-01,1.690777150393541604e+02
4.170000000000000000e+08,-1.170000000000000068e-01,1.690520676569509817e+02
4.180000000000000000e+08,-1.219999999999999973e-01,1.690264196938645682e+02
4.190000000000000000e+08,-1.150000000000000050e-01,1.690007711603545033e+02
4.200000000000000000e+08,-1.229999999999999982e-01,1.689751220666815072e+02
4.210000000000000000e+08,-1.209999999999999964e-01,1.689494724231077498e+02
4.220000000000000000e+08,-1.199999999999999956e-01,1.689238222398967366e+02
4.230000000000000000e+08,-1.219999999999999973e-01,1.688981715273132806e+02
4.240000000000000000e+08,-1.189999999999999947e-01,1.688725202956233886e+02
4.250000000000000000e+08,-1.130000000000000032e-01,1.688468685550943746e+02
4.260000000000000000e+08,-1.219999999999999973e-01,1.688212423861450588e+02
4.270000000000000000e+08,-1.189999999999999947e-01,1.687956264709576146e+02
4.280000000000000000e+08,-1.189999999999999947e-01,1.687700103525459099e+02
4.290000000000000000e+08,-1.219999999999999973e-01,1.687443940411481833e+02
4.300000000000000000e+08,-1.199999999999999956e-01,1.687187775470032420e+02
4.310000000000000000e+08,-1.250000000000000000e-01,1.686931608803502343e+02
4.320000000000000000e+08,-1.209999999999999964e-01,1.686675440514287345e+02
4.330000000000000000e+08,-1.219999999999999973e-01,1.686419270704787721e+02
4.340000000000000000e+08,-1.199999999999999956e-01,1.686163099477406604e+02
4.350000000000000000e+08,-1.370000000000000107e-01,1.685906926934551393e+02
4.360000000000000000e+08,-1.300000000000000044e-01,1.685650753178632044e+02
4.370000000000000000e+08,-1.310000000000000053e-01,1.685394578312061356e+02
4.380000000000000000e+08,-1.360000000000000098e-01,1.685137473036006952e+02
4.390000000000000000e+08,-1.290000000000000036e-01,1.684876932680561197e+02
4.400000000000000000e+08,-1.419999999999999873e-01,1.684616386995323580e+02
4.410000000000000000e+08,-1.400000000000000133e-01,1.684355836087889031e+02
4.420000000000000000e+08,-1.509999999999999953e-01,1.684095280065864131e+02
4.430000000000000000e+08,-1.380000000000000115e-01,1.683834719036869672e+02
4.440000000000000000e+08,-1.360000000000000098e-01,1.683574153108537814e+02
4.450000000000000000e+08,-1.429999999999999882e-01,1.683313582388513510e+02
4.460000000000000000e+08,-1.360000000000000098e-01,1.683053006984453077e+02
4.470000000000000000e+08,-1.330000000000000071e-01,1.682792427004024773e+02
4.480000000000000000e+08,-1.239999999999999991e-01,1.682531842554908224e+02
4.490000000000000000e+08,-1.320000000000000062e-01,1.682271253744793853e+02
4.500000000000000000e+08,-1.419999999999999873e-01,1.682010660681383172e+02
4.510000000000000000e+08,-1.380000000000000115e-01,1.681752660629187233e+02
4.520000000000000000e+08,-1.250000000000000000e-01,1.681495701093562616e+02
4.530000000000000000e+08,-1.250000000000000000e-01,1.681238739593708544e+02
4.540000000000000000e+08,-1.290000000000000036e-01,1.680981776232972891e+02
4.550000000000000000e+08,-1.310000000000000053e-01,1.680724811114706938e+02
4.560000000000000000e+08,-1.280000000000000027e-01,1.680467844342267085e+02
4.570000000000000000e+08,-1.250000000000000000e-01,1.680210876019013142e+02
4.580000000000000000e+08,-1.229999999999999982e-01,1.679953906248308897e+02
4.590000000000000000e+08,-1.250000000000000000e-01,1.679696935133521549e+02
4.600000000000000000e+08,-1.280000000000000027e-01,1.679439962778021709e+02
4.610000000000000000e+08,-1.270000000000000018e-01,1.679182989285182828e+02
4.620000000000000000e+08,-1.260000000000000009e-01,1.678926014758380916e+02
4.630000000000000000e+08,-1.330000000000000071e-01,1.678668480942475014e+02
4.640000000000000000e+08,-1.310000000000000053e-01,1.678408892117684843e+02
4.650000000000000000e+08,-1.370000000000000107e-01,1.678149299501347400e+02
4.660000000000000000e+08,-1.360000000000000098e-01,1.677889703199958831e+02
4.670000000000000000e+08,-1.409999999999999865e-01,1.677630103320023807e+02
4.680000000000000000e+08,-1.419999999999999873e-01,1.677370499968055526e+02
4.690000000000000000e+08,-1.370000000000000107e-01,1.677110893250577419e+02
4.700000000000000000e+08,-1.370000000000000107e-01,1.676851283274118316e+02
4.710000000000000000e+08,-1.409999999999999865e-01,1.676591670145218416e+02
4.720000000000000000e+08,-1.300000000000000044e-01,1.676332053970422749e+02
4.730000000000000000e+08,-1.439999999999999891e-01,1.676072434856286009e+02
4.740000000000000000e+08,-1.280000000000000027e-01,1.675812812909368859e+02
4.750000000000000000e+08,-1.300000000000000044e-01,1.675553188236239350e+02
4.760000000000000000e+08,-1.390000000000000124e-01,1.675296329285299066e+02
4.770000000000000000e+08,-1.400000000000000133e-01,1.675040574872637933e+02
4.780000000000000000e+08,-1.350000000000000089e-01,1.674784817490171633e+02
4.790000000000000000e+08,-1.300000000000000044e-01,1.674529057239771532e+02
4.800000000000000000e+08,-1.360000000000000098e-01,1.674273294223317521e+02
4.810000000000000000e+08,-1.409999999999999865e-01,1.674017528542695175e+02
4.820000000000000000e+08,-1.300000000000000044e-01,1.673761760299796038e+02
4.830000000000000000e+08,-1.340000000000000080e-01,1.673505989596519612e+02
4.840000000000000000e+08,-1.260000000000000009e-01,1.673250216534769095e+02
4.850000000000000000e+08,-1.449999999999999900e-01,1.672994441216454788e+02
4.860000000000000000e+08,-1.390000000000000124e-01,1.672738663743491543e+02
4.870000000000000000e+08,-1.360000000000000098e-01,1.672482884217799608e+02
4.880000000000000000e+08,-1.179999999999999938e-01,1.672226144653735673e+02
4.890000000000000000e+08,-1.370000000000000107e-01,1.671965898026021478e+02
4.900000000000000000e+08,-1.529999999999999971e-01,1.671705650816181787e+02
4.910000000000000000e+08,-1.350000000000000089e-01,1.671445403131600074e+02
4.920000000000000000e+08,-1.330000000000000071e-01,1.671185155079660944e+02
4.930000000000000000e+08,-1.310000000000000053e-01,1.670924906767749860e+02
4.940000000000000000e+08,-1.400000000000000133e-01,1.670664658303252281e+02
4.950000000000000000e+08,-1.439999999999999891e-01,1.670404409793554521e+02
4.960000000000000000e+08,-1.370000000000000107e-01,1.670144161346043177e+02
4.970000000000000000e+08,-1.449999999999999900e-01,1.669883913068104846e+02
4.980000000000000000e+08,-1.479999999999999927e-01,1.669623665067124989e+02
4.990000000000000000e+08,-1.469999999999999918e-01,1.669363417450488782e+02
5.000000000000000000e+08,-1.439999999999999891e-01,1.669103170325580550e+02
5.010000000000000000e+08,-1.429999999999999882e-01,1.668844768784611006e+02
5.020000000000000000e+08,-1.360000000000000098e-01,1.668587099270773138e+02
5.030000000000000000e+08,-1.330000000000000071e-01,1.668329425794815108e+02
5.040000000000000000e+08,-1.360000000000000098e-01,1.668071748460877757e+02
5.050000000000000000e+08,-1.390000000000000124e-01,1.667814067373111868e+02
5.060000000000000000e+08,-1.370000000000000107e-01,1.667556382635677323e+02
5.070000000000000000e+08,-1.330000000000000071e-01,1.667298694352742245e+02
5.080000000000000000e+08,-1.340000000000000080e-01,1.667041002628484421e+02
5.090000000000000000e+08,-1.350000000000000089e-01,1.666783307567088741e+02
5.100000000000000000e+08,-1.370000000000000107e-01,1.666525609272749193e+02
5.110000000000000000e+08,-1.310000000000000053e-01,1.666267907849667438e+02
5.120000000000000000e+08,-1.310000000000000053e-01,1.666010203402052241e+02
5.130000000000000000e+08,-1.380000000000000115e-01,1.665752474686221376e+02
5.140000000000000000e+08,-1.439999999999999891e-01,1.665494662869147930e+02
5.150000000000000000e+08,-1.340000000000000080e-01,1.665236844204158899e+02
5.160000000000000000e+08,-1.409999999999999865e-01,1.664979018795391710e+02
5.170000000000000000e+08,-1.360000000000000098e-01,1.664721186747000559e+02
5.180000000000000000e+08,-1.350000000000000089e-01,1.664463348163156127e+02
5.190000000000000000e+08,-1.409999999999999865e-01,1.664205503148044443e+02
5.200000000000000000e+08,-1.360000000000000098e-01,1.663947651805867167e+02
5.210000000000000000e+08,-1.370000000000000107e-01,1.663689794240841877e+02
5.220000000000000000e+08,-1.400000000000000133e-01,1.663431930557200360e+02
5.230000000000000000e+08,-1.459999999999999909e-01,1.663174060859190320e+02
5.240000000000000000e+08,-1.409999999999999865e-01,1.662916185251073102e+02
5.250000000000000000e+08,-1.239999999999999991e-01,1.662658303837124834e+02
5.260000000000000000e+08,-1.479999999999999927e-01,1.662402242177802520e+02
5.270000000000000000e+08,-1.429999999999999882e-01,1.662146899966131173e+02
5.280000000000000000e+08,-1.380000000000000115e-01,1.661891552364566280e+02
5.290000000000000000e+08,-1.340000000000000080e-01,1.661636199474372404e+02
5.300000000000000000e+08,-1.340000000000000080e-01,1.661380841396828316e+02
5.310000000000000000e+08,-1.380000000000000115e-01,1.661125478233225294e+02
5.320000000000000000e+08,-1.409999999999999865e-01,1.660870110084864848e+02
5.330000000000000000e+08,-1.340000000000000080e-01,1.660614737053062981e+02
5.340000000000000000e+08,-1.419999999999999873e-01,1.660359359239145078e+02
5.350000000000000000e+08,-1.409999999999999865e-01,1.660103976744449028e+02
5.360000000000000000e+08,-1.439999999999999891e-01,1.659848589670323520e+02
5.370000000000000000e+08,-1.350000000000000089e-01,1.659593198118129180e+02
5.380000000000000000e+08,-1.429999999999999882e-01,1.659336824820092033e+02
5.390000000000000000e+08,-1.459999999999999909e-01,1.659076903928863942e+02
5.400000000000000000e+08,-1.429999999999999882e-01,1.658816981421987862e+02
5.410000000000000000e+08,-1.419999999999999873e-01,1.658557057406433444e+02
5.420000000000000000e+08,-1.419999999999999873e-01,1.658297131989173465e+02
5.430000000000000000e+08,-1.449999999999999900e-01,1.658037205277184682e+02
5.440000000000000000e+08,-1.380000000000000115e-01,1.657777277377446694e+02
5.450000000000000000e+08,-1.439999999999999891e-01,1.657517348396941657e+02
5.460000000000000000e+08,-1.479999999999999927e-01,1.657257418442655137e+02
5.470000000000000000e+08,-1.449999999999999900e-01,1.656997487621575260e+02
5.480000000000000000e+08,-1.380000000000000115e-01,1.656737556040691288e+02
5.490000000000000000e+08,-1.400000000000000133e-01,1.656477623806995041e+02
5.500000000000000000e+08,-1.400000000000000133e-01,1.656217691027479759e+02
5.510000000000000000e+08,-1.400000000000000133e-01,1.655959783641654042e+02
5.520000000000000000e+08,-1.300000000000000044e-01,1.655702674267388375e+02
5.530000000000000000e+08,-1.260000000000000009e-01,1.655445560907813558e+02
5.540000000000000000e+08,-1.370000000000000107e-01,1.655188443666392004e+02
5.550000000000000000e+08,-1.340000000000000080e-01,1.654931322646594651e+02
5.560000000000000000e+08,-1.469999999999999918e-01,1.654674197951901249e+02
5.570000000000000000e+08,-1.370000000000000107e-01,1.654417069685801494e+02
5.580000000000000000e+08,-1.380000000000000115e-01,1.654159937951793040e+02
5.590000000000000000e+08,-1.330000000000000071e-01,1.653902802853381786e+02
5.600000000000000000e+08,-1.330000000000000071e-01,1.653645664494082155e+02
5.610000000000000000e+08,-1.380000000000000115e-01,1.653388522977416528e+02
5.620000000000000000e+08,-1.529999999999999971e-01,1.653131378406914109e+02
5.630000000000000000e+08,-1.439999999999999891e-01,1.652874030583993488e+02
5.640000000000000000e+08,-1.239999999999999991e-01,1.652615956572902007e+02
5.650000000000000000e+08,-1.310000000000000053e-01,1.652357879720364053e+02
5.660000000000000000e+08,-1.370000000000000107e-01,1.652099800131054508e+02
5.670000000000000000e+08,-1.300000000000000044e-01,1.651841717909656495e+02
5.680000000000000000e+08,-1.310000000000000053e-01,1.651583633160857119e+02
5.690000000000000000e+08,-1.350000000000000089e-01,1.651325545989351724e+02
5.700000000000000000e+08,-1.300000000000000044e-01,1.651067456499840205e+02
5.710000000000000000e+08,-1.199999999999999956e-01,1.650809364797028991e+02
5.720000000000000000e+08,-1.330000000000000071e-01,1.650551270985629913e+02
5.730000000000000000e+08,-1.340000000000000080e-01,1.650293175170358495e+02
5.740000000000000000e+08,-1.320000000000000062e-01,1.650035077455936801e+02
5.750000000000000000e+08,-1.260000000000000009e-01,1.649776977947091154e+02
5.760000000000000000e+08,-1.390000000000000124e-01,1.649519582625960652e+02
5.770000000000000000e+08,-1.300000000000000044e-01,1.649262463499811133e+02
5.780000000000000000e+08,-1.320000000000000062e-01,1.649005342325367565e+02
5.790000000000000000e+08,-1.360000000000000098e-01,1.648748219206167391e+02
5.800000000000000000e+08,-1.429999999999999882e-01,1.648491094245754311e+02
5.810000000000000000e+08,-1.350000000000000089e-01,1.648233967547675149e+02
5.820000000000000000e+08,-1.400000000000000133e-01,1.647976839215481561e+02
5.830000000000000000e+08,-1.409999999999999865e-01,1.647719709352729183e+02
5.840000000000000000e+08,-1.459999999999999909e-01,1.647462578062977343e+02
5.850000000000000000e+08,-1.390000000000000124e-01,1.647205445449788215e+02
5.860000000000000000e+08,-1.469999999999999918e-01,1.646948311616728233e+02
5.870000000000000000e+08,-1.449999999999999900e-01,1.646691176667365539e+02
5.880000000000000000e+08,-1.469999999999999918e-01,1.646434202622803298e+02
5.890000000000000000e+08,-1.429999999999999882e-01,1.646177808549757913e+02
5.900000000000000000e+08,-1.360000000000000098e-01,1.645921411662240530e+02
5.910000000000000000e+08,-1.360000000000000098e-01,1.645665012062895585e+02
5.920000000000000000e+08,-1.390000000000000124e-01,1.645408609854372912e+02
5.930000000000000000e+08,-1.449999999999999900e-01,1.645152205139330306e+02
5.940000000000000000e+08,-1.390000000000000124e-01,1.644895798020430107e+02
5.950000000000000000e+08,-1.330000000000000071e-01,1.644639388600340908e+02
5.960000000000000000e+08,-1.340000000000000080e-01,1.644382976981737556e+02
5.970000000000000000e+08,-1.499999999999999944e-01,1.644126563267298593e+02
5.980000000000000000e+08,-1.290000000000000036e-01,1.643870147559709380e+02
5.990000000000000000e+08,-1.370000000000000107e-01,1.643613729961658407e+02
6.000000000000000000e+08,-1.350000000000000089e-01,1.643357310575840415e+02
6.010000000000000000e+08,-1.429999999999999882e-01,1.643099766343709973e+02
6.020000000000000000e+08,-1.330000000000000071e-01,1.642841777197851059e+02
6.030000000000000000e+08,-1.350000000000000089e-01,1.642583784011480077e+02
6.040000000000000000e+08,-1.360000000000000098e-01,1.642325786889123265e+02
6.050000000000000000e+08,-1.449999999999999900e-01,1.642067785935316522e+02
6.060000000000000000e+08,-1.400000000000000133e-01,1.641809781254605127e+02
6.070000000000000000e+08,-1.409999999999999865e-01,1.641551772951543171e+02
6.080000000000000000e+08,-1.219999999999999973e-01,1.641293761130693554e+02
6.090000000000000000e+08,-1.320000000000000062e-01,1.641035745896627702e+02
6.100000000000000000e+08,-1.320000000000000062e-01,1.640777727353925854e+02
6.110000000000000000e+08,-1.330000000000000071e-01,1.640519705607175638e+02
6.120000000000000000e+08,-1.419999999999999873e-01,1.640261680760972922e+02
6.130000000000000000e+08,-1.519999999999999962e-01,1.640004082452836656e+02
6.140000000000000000e+08,-1.449999999999999900e-01,1.639748017638204942e+02
6.150000000000000000e+08,-1.529999999999999971e-01,1.639491948338305178e+02
6.160000000000000000e+08,-1.459999999999999909e-01,1.639235874655318241e+02
6.170000000000000000e+08,-1.459999999999999909e-01,1.638979796691434672e+02
6.180000000000000000e+08,-1.370000000000000107e-01,1.638723714548856094e+02
6.190000000000000000e+08,-1.380000000000000115e-01,1.638467628329793513e+02
6.200000000000000000e+08,-1.340000000000000080e-01,1.638211538136467595e+02
6.210000000000000000e+08,-1.370000000000000107e-01,1.637955444071109525e+02
6.220000000000000000e+08,-1.320000000000000062e-01,1.637699346235959013e+02
6.230000000000000000e+08,-1.469999999999999918e-01,1.637443244733264862e+02
6.240000000000000000e+08,-1.360000000000000098e-01,1.637187139665284121e+02
6.250000000000000000e+08,-1.340000000000000080e-01,1.636931031134284069e+02
6.260000000000000000e+08,-1.280000000000000027e-01,1.636674702924439089e+02
6.270000000000000000e+08,-1.380000000000000115e-01,1.636418290106173288e+02
6.280000000000000000e+08,-1.360000000000000098e-01,1.636161877967753355e+02
6.290000000000000000e+08,-1.360000000000000098e-01,1.635905466611883128e+02
6.300000000000000000e+08,-1.320000000000000062e-01,1.635649056141264452e+02
6.310000000000000000e+08,-1.409999999999999865e-01,1.635392646658597187e+02
6.320000000000000000e+08,-1.290000000000000036e-01,1.635136238266579198e+02
6.330000000000000000e+08,-1.350000000000000089e-01,1.634879831067905513e+02
6.340000000000000000e+08,-1.350000000000000089e-01,1.634623425165268031e+02
6.350000000000000000e+08,-1.300000000000000044e-01,1.634367020661355241e+02
6.360000000000000000e+08,-1.350000000000000089e-01,1.634110617658853641e+02
6.370000000000000000e+08,-1.320000000000000062e-01,1.633854216260444616e+02
6.380000000000000000e+08,-1.310000000000000053e-01,1.633596749487534510e+02
6.390000000000000000e+08,-1.280000000000000027e-01,1.633335478603382001e+02
6.400000000000000000e+08,-1.280000000000000027e-01,1.633074204280624997e+02
6.410000000000000000e+08,-1.300000000000000044e-01,1.632812926627859156e+02
6.420000000000000000e+08,-1.469999999999999918e-01,1.632551645753687808e+02
6.430000000000000000e+08,-1.439999999999999891e-01,1.632290361766723379e+02
6.440000000000000000e+08,-1.539999999999999980e-01,1.632029074775585116e+02
6.450000000000000000e+08,-1.320000000000000062e-01,1.631767784888900508e+02
6.460000000000000000e+08,-1.429999999999999882e-01,1.631506492215303297e+02
6.470000000000000000e+08,-1.320000000000000062e-01,1.631245196863435467e+02
6.480000000000000000e+08,-1.320000000000000062e-01,1.630983898941944972e+02
6.490000000000000000e+08,-1.370000000000000107e-01,1.630722598559486016e+02
6.500000000000000000e+08,-1.340000000000000080e-01,1.630461295824719059e+02
6.510000000000000000e+08,-1.400000000000000133e-01,1.630204902589202334e+02
6.520000000000000000e+08,-1.360000000000000098e-01,1.629950422291337304e+02
6.530000000000000000e+08,-1.350000000000000089e-01,1.629695940203553448e+02
6.540000000000000000e+08,-1.170000000000000068e-01,1.629441456426238233e+02
6.550000000000000000e+08,-1.320000000000000062e-01,1.629186971059782820e+02
6.560000000000000000e+08,-1.350000000000000089e-01,1.628932484204582636e+02
6.570000000000000000e+08,-1.260000000000000009e-01,1.628677995961036231e+02
6.580000000000000000e+08,-1.300000000000000044e-01,1.628423506429545853e+02
6.590000000000000000e+08,-1.250000000000000000e-01,1.628169015710515737e+02
6.600000000000000000e+08,-1.310000000000000053e-01,1.627914523904354667e+02
6.610000000000000000e+08,-1.250000000000000000e-01,1.627660031111472563e+02
6.620000000000000000e+08,-1.280000000000000027e-01,1.627405537432281903e+02
6.630000000000000000e+08,-1.260000000000000009e-01,1.627150082788566579e+02
6.640000000000000000e+08,-1.320000000000000062e-01,1.626891218276834081e+02
6.650000000000000000e+08,-1.250000000000000000e-01,1.626632349197147391e+02
6.660000000000000000e+08,-1.229999999999999982e-01,1.626373475655076106e+02
6.670000000000000000e+08,-1.239999999999999991e-01,1.626114597756201192e+02
6.680000000000000000e+08,-1.330000000000000071e-01,1.625855715606113563e+02
6.690000000000000000e+08,-1.310000000000000053e-01,1.625596829310415501e+02
6.700000000000000000e+08,-1.300000000000000044e-01,1.625337938974718668e+02
6.710000000000000000e+08,-1.340000000000000080e-01,1.625079044704644673e+02
6.720000000000000000e+08,-1.300000000000000044e-01,1.624820146605825357e+02
6.730000000000000000e+08,-1.320000000000000062e-01,1.624561244783900804e+02
6.740000000000000000e+08,-1.350000000000000089e-01,1.624302339344521897e+02
6.750000000000000000e+08,-1.280000000000000027e-01,1.624043430393346910e+02
6.760000000000000000e+08,-1.340000000000000080e-01,1.623787420849591570e+02
6.770000000000000000e+08,-1.270000000000000018e-01,1.623532537250899850e+02
6.780000000000000000e+08,-1.350000000000000089e-01,1.623277652514389047e+02
6.790000000000000000e+08,-1.380000000000000115e-01,1.623022766740934628e+02
6.800000000000000000e+08,-1.260000000000000009e-01,1.622767880031414620e+02
6.810000000000000000e+08,-1.219999999999999973e-01,1.622512992486709038e+02
6.820000000000000000e+08,-1.290000000000000036e-01,1.622258104207700740e+02
6.830000000000000000e+08,-1.350000000000000089e-01,1.622003215295273151e+02
6.840000000000000000e+08,-1.270000000000000018e-01,1.621748325850312256e+02
6.850000000000000000e+08,-1.239999999999999991e-01,1.621493435973704891e+02
6.860000000000000000e+08,-1.189999999999999947e-01,1.621238545766338461e+02
6.870000000000000000e+08,-1.310000000000000053e-01,1.620983655329101509e+02
6.880000000000000000e+08,-1.260000000000000009e-01,1.620727503761802382e+02
6.890000000000000000e+08,-1.170000000000000068e-01,1.620466893196744138e+02
6.900000000000000000e+08,-1.140000000000000041e-01,1.620206275524382420e+02
6.910000000000000000e+08,-1.209999999999999964e-01,1.619945650852275207e+02
6.920000000000000000e+08,-1.360000000000000098e-01,1.619685019287997534e+02
6.930000000000000000e+08,-1.189999999999999947e-01,1.619424380939141486e+02
6.940000000000000000e+08,-1.140000000000000041e-01,1.619163735913316202e+02
6.950000000000000000e+08,-1.140000000000000041e-01,1.618903084318147307e+02
6.960000000000000000e+08,-1.189999999999999947e-01,1.618642426261276341e+02
6.970000000000000000e+08,-1.219999999999999973e-01,1.618381761850361329e+02
6.980000000000000000e+08,-1.209999999999999964e-01,1.618121091193076211e+02
6.990000000000000000e+08,-1.209999999999999964e-01,1.617860414397109992e+02
7.000000000000000000e+08,-1.209999999999999964e-01,1.617599731570167307e+02
7.010000000000000000e+08,-1.229999999999999982e-01,1.617342138257779141e+02
7.020000000000000000e+08,-1.280000000000000027e-01,1.617085739964055620e+02
7.030000000000000000e+08,-1.340000000000000080e-01,1.616829339462501309e+02
7.040000000000000000e+08,-1.270000000000000018e-01,1.616572936855781109e+02
7.050000000000000000e+08,-1.280000000000000027e-01,1.616316532246566737e+02
7.060000000000000000e+08,-1.280000000000000027e-01,1.616060125737533326e+02
7.070000000000000000e+08,-1.290000000000000036e-01,1.615803717431361974e+02
7.080000000000000000e+08,-1.330000000000000071e-01,1.615547307430736623e+02
7.090000000000000000e+08,-1.380000000000000115e-01,1.615290895838346046e+02
7.100000000000000000e+08,-1.390000000000000124e-01,1.615034482756883278e+02
7.110000000000000000e+08,-1.439999999999999891e-01,1.614778068289043631e+02
7.120000000000000000e+08,-1.390000000000000124e-01,1.614521652537527245e+02
7.130000000000000000e+08,-1.350000000000000089e-01,1.614264495039487883e+02
7.140000000000000000e+08,-1.350000000000000089e-01,1.614004731616989545e+02
7.150000000000000000e+08,-1.320000000000000062e-01,1.613744967037206095e+02
7.160000000000000000e+08,-1.260000000000000009e-01,1.613485201406919316e+02
7.170000000000000000e+08,-1.270000000000000018e-01,1.613225434832912981e+02
7.180000000000000000e+08,-1.310000000000000053e-01,1.612965667421973421e+02
7.190000000000000000e+08,-1.350000000000000089e-01,1.612705899280889241e+02
7.200000000000000000e+08,-1.390000000000000124e-01,1.612446130516450751e+02
7.210000000000000000e+08,-1.260000000000000009e-01,1.612186361235449397e+02
7.220000000000000000e+08,-1.280000000000000027e-01,1.611926591544678331e+02
7.230000000000000000e+08,-1.340000000000000080e-01,1.611666821550931843e+02
7.240000000000000000e+08,-1.260000000000000009e-01,1.611407051361004505e+02
7.250000000000000000e+08,-1.320000000000000062e-01,1.611147281081691744e+02
7.260000000000000000e+08,-1.320000000000000062e-01,1.610890295720717802e+02
7.270000000000000000e+08,-1.479999999999999927e-01,1.610634381357703546e+02
7.280000000000000000e+08,-1.350000000000000089e-01,1.610378464009683910e+02
7.290000000000000000e+08,-1.260000000000000009e-01,1.610122543778721820e+02
7.300000000000000000e+08,-1.330000000000000071e-01,1.609866620766887308e+02
7.310000000000000000e+08,-1.350000000000000089e-01,1.609610695076256945e+02
7.320000000000000000e+08,-1.260000000000000009e-01,1.609354766808914690e+02
7.330000000000000000e+08,-1.229999999999999982e-01,1.609098836066948763e+02
7.340000000000000000e+08,-1.330000000000000071e-01,1.608842902952455063e+02
7.350000000000000000e+08,-1.370000000000000107e-01,1.608586967567534600e+02
7.360000000000000000e+08,-1.409999999999999865e-01,1.608331030014293503e+02
7.370000000000000000e+08,-1.419999999999999873e-01,1.608075090394843301e+02
7.380000000000000000e+08,-1.330000000000000071e-01,1.607818802011781543e+02
7.390000000000000000e+08,-1.300000000000000044e-01,1.607561295767145282e+02
7.400000000000000000e+08,-1.330000000000000071e-01,1.607303785279425199e+02
7.410000000000000000e+08,-1.350000000000000089e-01,1.607046270652551527e+02
7.420000000000000000e+08,-1.280000000000000027e-01,1.606788751990464448e+02
7.430000000000000000e+08,-1.409999999999999865e-01,1.606531229397114373e+02
7.440000000000000000e+08,-1.340000000000000080e-01,1.606273702976460527e+02
7.450000000000000000e+08,-1.340000000000000080e-01,1.606016172832471796e+02
7.460000000000000000e+08,-1.189999999999999947e-01,1.605758639069126730e+02
7.470000000000000000e+08,-1.290000000000000036e-01,1.605501101790410985e+02
7.480000000000000000e+08,-1.330000000000000071e-01,1.605243561100320733e+02
7.490000000000000000e+08,-1.170000000000000068e-01,1.604986017102858398e+02
7.500000000000000000e+08,-1.199999999999999956e-01,1.604728469902036636e+02
7.510000000000000000e+08,-1.320000000000000062e-01,1.604472915676664400e+02
7.520000000000000000e+08,-1.250000000000000000e-01,1.604218124499811609e+02
7.530000000000000000e+08,-1.320000000000000062e-01,1.603963329714974861e+02
7.540000000000000000e+08,-1.219999999999999973e-01,1.603708531422854833e+02
7.550000000000000000e+08,-1.199999999999999956e-01,1.603453729724161576e+02
7.560000000000000000e+08,-1.270000000000000018e-01,1.603198924719612819e+02
7.570000000000000000e+08,-1.219999999999999973e-01,1.602944116509933679e+02
7.580000000000000000e+08,-1.350000000000000089e-01,1.602689305195857798e+02
7.590000000000000000e+08,-1.260000000000000009e-01,1.602434490878125644e+02
7.600000000000000000e+08,-1.340000000000000080e-01,1.602179673657483931e+02
7.610000000000000000e+08,-1.250000000000000000e-01,1.601924853634688475e+02
7.620000000000000000e+08,-1.270000000000000018e-01,1.601670030910499634e+02
7.630000000000000000e+08,-1.429999999999999882e-01,1.601414695928399965e+02
7.640000000000000000e+08,-1.439999999999999891e-01,1.601157581177462248e+02
7.650000000000000000e+08,-1.290000000000000036e-01,1.600900463725621705e+02
7.660000000000000000e+08,-1.390000000000000124e-01,1.600643343676394750e+02
7.670000000000000000e+08,-1.459999999999999909e-01,1.600386221133302911e+02
7.680000000000000000e+08,-1.419999999999999873e-01,1.600129096199875107e+02
7.690000000000000000e+08,-1.340000000000000080e-01,1.599871968979645089e+02
7.700000000000000000e+08,-1.250000000000000000e-01,1.599614839576152576e+02
7.710000000000000000e+08,-1.340000000000000080e-01,1.599357708092942403e+02
7.720000000000000000e+08,-1.439999999999999891e-01,1.599100574633564520e+02
7.730000000000000000e+08,-1.310000000000000053e-01,1.598843439301574278e+02
7.740000000000000000e+08,-1.199999999999999956e-01,1.598586302200529587e+02
7.750000000000000000e+08,-1.229999999999999982e-01,1.598329163433994893e+02
7.760000000000000000e+08,-1.239999999999999991e-01,1.598071397496358088e+02
7.770000000000000000e+08,-1.189999999999999947e-01,1.597813391314278988e+02
7.780000000000000000e+08,-1.199999999999999956e-01,1.597555384476907250e+02
7.790000000000000000e+08,-1.049999999999999961e-01,1.597297377088876544e+02
7.800000000000000000e+08,-1.219999999999999973e-01,1.597039369254821111e+02
7.810000000000000000e+08,-1.209999999999999964e-01,1.596781361079376609e+02
7.820000000000000000e+08,-1.110000000000000014e-01,1.596523352667179836e+02
7.830000000000000000e+08,-1.229999999999999982e-01,1.596265344122867020e+02
7.840000000000000000e+08,-1.270000000000000018e-01,1.596007335551076096e+02
7.850000000000000000e+08,-1.199999999999999956e-01,1.595749327056444713e+02
7.860000000000000000e+08,-1.229999999999999982e-01,1.595491318743609668e+02
7.870000000000000000e+08,-1.179999999999999938e-01,1.595233310717207758e+02
7.880000000000000000e+08,-1.219999999999999973e-01,1.594975361258268265e+02
7.890000000000000000e+08,-1.209999999999999964e-01,1.594717611674686566e+02
7.900000000000000000e+08,-1.199999999999999956e-01,1.594459858448819318e+02
7.910000000000000000e+08,-1.229999999999999982e-01,1.594202101684918205e+02
7.920000000000000000e+08,-1.280000000000000027e-01,1.593944341487243719e+02
7.930000000000000000e+08,-1.199999999999999956e-01,1.593686577960064881e+02
7.940000000000000000e+08,-1.160000000000000059e-01,1.593428811207658953e+02
7.950000000000000000e+08,-1.049999999999999961e-01,1.593171041334310871e+02
7.960000000000000000e+08,-1.110000000000000014e-01,1.592913268444312678e+02
7.970000000000000000e+08,-1.049999999999999961e-01,1.592655492641964372e+02
7.980000000000000000e+08,-1.160000000000000059e-01,1.592397714031573059e+02
7.990000000000000000e+08,-1.160000000000000059e-01,1.592139932717452098e+02
8.000000000000000000e+08,-1.229999999999999982e-01,1.591882148803921950e+02
8.010000000000000000e+08,-1.260000000000000009e-01,1.591626346673515400e+02
8.020000000000000000e+08,-1.150000000000000050e-01,1.591371300092282297e+02
8.030000000000000000e+08,-1.229999999999999982e-01,1.591116252964566797e+02
8.040000000000000000e+08,-1.189999999999999947e-01,1.590861205391442184e+02
8.050000000000000000e+08,-1.150000000000000050e-01,1.590606157473984297e+02
8.060000000000000000e+08,-1.189999999999999947e-01,1.590351109313269262e+02
8.070000000000000000e+08,-1.170000000000000068e-01,1.590096061010372921e+02
8.080000000000000000e+08,-1.229999999999999982e-01,1.589841012666372251e+02
8.090000000000000000e+08,-1.239999999999999991e-01,1.589585964382344798e+02
8.100000000000000000e+08,-1.100000000000000006e-01,1.589330916259366973e+02
8.110000000000000000e+08,-1.199999999999999956e-01,1.589075868398514899e+02
8.120000000000000000e+08,-1.130000000000000032e-01,1.588820820900864987e+02
8.130000000000000000e+08,-1.110000000000000014e-01,1.588565599951582499e+02
8.140000000000000000e+08,-1.000000000000000056e-01,1.588309775207636676e+02
8.150000000000000000e+08,-1.100000000000000006e-01,1.588053945963609976e+02
8.160000000000000000e+08,-1.059999999999999970e-01,1.587798112321395649e+02
8.170000000000000000e+08,-1.199999999999999956e-01,1.587542274382895755e+02
8.180000000000000000e+08,-1.130000000000000032e-01,1.587286432250024006e+02
8.190000000000000000e+08,-1.140000000000000041e-01,1.587030586024702359e+02
8.200000000000000000e+08,-1.239999999999999991e-01,1.586774735808864136e+02
8.210000000000000000e+08,-1.179999999999999938e-01,1.586518881704451758e+02
8.220000000000000000e+08,-1.310000000000000053e-01,1.586263023813416453e+02
8.230000000000000000e+08,-1.280000000000000027e-01,1.586007162237719399e+02
8.240000000000000000e+08,-1.250000000000000000e-01,1.585751297079329731e+02
8.250000000000000000e+08,-1.270000000000000018e-01,1.585495428440225680e+02
8.260000000000000000e+08,-1.290000000000000036e-01,1.585235046676658328e+02
8.270000000000000000e+08,-1.260000000000000009e-01,1.584972952415282350e+02
8.280000000000000000e+08,-1.150000000000000050e-01,1.584710859065373540e+02
8.290000000000000000e+08,-1.250000000000000000e-01,1.584448766736612129e+02
8.300000000000000000e+08,-1.209999999999999964e-01,1.584186675538677491e+02
8.310000000000000000e+08,-1.189999999999999947e-01,1.583924585581244173e+02
8.320000000000000000e+08,-1.280000000000000027e-01,1.583662496973985583e+02
8.330000000000000000e+08,-1.150000000000000050e-01,1.583400409826570296e+02
8.340000000000000000e+08,-1.140000000000000041e-01,1.583138324248664048e+02
8.350000000000000000e+08,-1.150000000000000050e-01,1.582876240349928025e+02
8.360000000000000000e+08,-1.140000000000000041e-01,1.582614158240019719e+02
8.370000000000000000e+08,-1.079999999999999988e-01,1.582352078028592075e+02
8.380000000000000000e+08,-9.679999999999999716e-02,1.582091066223896405e+02
8.390000000000000000e+08,-1.089999999999999997e-01,1.581833722783991050e+02
8.400000000000000000e+08,-1.029999999999999943e-01,1.581576374592933689e+02
8.410000000000000000e+08,-1.140000000000000041e-01,1.581319021754432015e+02
8.420000000000000000e+08,-1.029999999999999943e-01,1.581061664372204234e+02
8.430000000000000000e+08,-1.000000000000000056e-01,1.580804302549979923e+02
8.440000000000000000e+08,-1.000000000000000056e-01,1.580546936391499742e+02
8.450000000000000000e+08,-1.029999999999999943e-01,1.580289566000514014e+02
8.460000000000000000e+08,-1.069999999999999979e-01,1.580032191480783865e+02
8.470000000000000000e+08,-1.209999999999999964e-01,1.579774812936080366e+02
8.480000000000000000e+08,-1.170000000000000068e-01,1.579517430470184252e+02
8.490000000000000000e+08,-1.250000000000000000e-01,1.579260044186885921e+02
8.500000000000000000e+08,-1.150000000000000050e-01,1.579002654189984582e+02
8.510000000000000000e+08,-9.959999999999999409e-02,1.578745690643461330e+02
8.520000000000000000e+08,-1.069999999999999979e-01,1.578488888069494465e+02
8.530000000000000000e+08,-1.270000000000000018e-01,1.578232084134009199e+02
8.540000000000000000e+08,-1.130000000000000032e-01,1.577975278940173496e+02
8.550000000000000000e+08,-1.120000000000000023e-01,1.577718472591159582e+02
8.560000000000000000e+08,-1.150000000000000050e-01,1.577461665190141389e+02
8.570000000000000000e+08,-1.089999999999999997e-01,1.577204856840296259e+02
8.580000000000000000e+08,-1.059999999999999970e-01,1.576948047644803239e+02
8.590000000000000000e+08,-9.610000000000000486e-02,1.576691237706843367e+02
8.600000000000000000e+08,-1.089999999999999997e-01,1.576434427129600238e+02
8.610000000000000000e+08,-9.950000000000000511e-02,1.576177616016257730e+02
8.620000000000000000e+08,-1.019999999999999934e-01,1.575920804470002281e+02
8.630000000000000000e+08,-1.010000000000000064e-01,1.575664465433921748e+02
8.640000000000000000e+08,-9.679999999999999716e-02,1.575409745689767078e+02
8.650000000000000000e+08,-1.010000000000000064e-01,1.575155024170266813e+02
8.660000000000000000e+08,-9.890000000000000180e-02,1.574900300976092922e+02
8.670000000000000000e+08,-9.819999999999999563e-02,1.574645576207920783e+02
8.680000000000000000e+08,-9.760000000000000620e-02,1.574390849966428618e+02
8.690000000000000000e+08,-1.000000000000000056e-01,1.574136122352299765e+02
8.700000000000000000e+08,-1.089999999999999997e-01,1.573881393466219549e+02
8.710000000000000000e+08,-1.039999999999999952e-01,1.573626663408877562e+02
8.720000000000000000e+08,-1.150000000000000050e-01,1.573371932280964245e+02
8.730000000000000000e+08,-1.110000000000000014e-01,1.573117200183174873e+02
8.740000000000000000e+08,-1.079999999999999988e-01,1.572862467216205289e+02
8.750000000000000000e+08,-1.120000000000000023e-01,1.572607733480754177e+02
8.760000000000000000e+08,-1.160000000000000059e-01,1.572350461996974218e+02
8.770000000000000000e+08,-1.179999999999999938e-01,1.572092230872873984e+02
8.780000000000000000e+08,-1.140000000000000041e-01,1.571833996093742485e+02
8.790000000000000000e+08,-1.049999999999999961e-01,1.571575757764417176e+02
8.800000000000000000e+08,-1.199999999999999956e-01,1.571317515989744606e+02
8.810000000000000000e+08,-1.170000000000000068e-01,1.571059270874578715e+02
8.820000000000000000e+08,-1.089999999999999997e-01,1.570801022523782535e+02
8.830000000000000000e+08,-9.700000000000000289e-02,1.570542771042226775e+02
8.840000000000000000e+08,-1.120000000000000023e-01,1.570284516534789248e+02
8.850000000000000000e+08,-1.079999999999999988e-01,1.570026259106355440e+02
8.860000000000000000e+08,-9.909999999999999365e-02,1.569767998861818796e+02
8.870000000000000000e+08,-9.669999999999999429e-02,1.569509735906078163e+02
8.880000000000000000e+08,-1.029999999999999943e-01,1.569252242737113079e+02
8.890000000000000000e+08,-9.879999999999999893e-02,1.568997381269335563e+02
8.900000000000000000e+08,-1.079999999999999988e-01,1.568742514715943344e+02
8.910000000000000000e+08,-9.489999999999999825e-02,1.568487643177647612e+02
8.920000000000000000e+08,-8.890000000000000679e-02,1.568232766755171781e+02
8.930000000000000000e+08,-9.470000000000000639e-02,1.567977885549251766e+02
8.940000000000000000e+08,-9.460000000000000353e-02,1.567722999660633718e+02
8.950000000000000000e+08,-8.390000000000000235e-02,1.567468109190075438e+02
8.960000000000000000e+08,-9.679999999999999716e-02,1.567213214238345245e+02
8.970000000000000000e+08,-9.579999999999999627e-02,1.566958314906222540e+02
8.980000000000000000e+08,-9.349999999999999978e-02,1.566703411294496391e+02
8.990000000000000000e+08,-9.769999999999999518e-02,1.566448503503967231e+02
9.000000000000000000e+08,-8.309999999999999332e-02,1.566193591635444022e+02
9.010000000000000000e+08,-8.909999999999999865e-02,1.565936494173731148e+02
9.020000000000000000e+08,-1.130000000000000032e-01,1.565678575078134145e+02
9.030000000000000000e+08,-9.110000000000000042e-02,1.565420653917117306e+02
9.040000000000000000e+08,-1.019999999999999934e-01,1.565162730795187827e+02
9.050000000000000000e+08,-9.909999999999999365e-02,1.564904805816858584e+02
9.060000000000000000e+08,-9.400000000000000022e-02,1.564646879086646152e+02
9.070000000000000000e+08,-9.639999999999999958e-02,1.564388950709071935e+02
9.080000000000000000e+08,-9.210000000000000131e-02,1.564131020788660180e+02
9.090000000000000000e+08,-9.489999999999999825e-02,1.563873089429940535e+02
9.100000000000000000e+08,-8.669999999999999929e-02,1.563615156737445488e+02
9.110000000000000000e+08,-8.770000000000000018e-02,1.563357222815709804e+02
9.120000000000000000e+08,-8.719999999999999973e-02,1.563099287769272507e+02
9.130000000000000000e+08,-8.719999999999999973e-02,1.562841703325694311e+02
9.140000000000000000e+08,-8.279999999999999860e-02,1.562585311327273416e+02
9.150000000000000000e+08,-8.269999999999999574e-02,1.562328916134695476e+02
9.160000000000000000e+08,-8.980000000000000482e-02,1.562072517850589577e+02
9.170000000000000000e+08,-1.000000000000000056e-01,1.561816116577592197e+02
9.180000000000000000e+08,-8.669999999999999929e-02,1.561559712418346919e+02
9.190000000000000000e+08,-8.609999999999999598e-02,1.561303305475504430e+02
9.200000000000000000e+08,-1.029999999999999943e-01,1.561046895851721388e+02
9.210000000000000000e+08,-9.679999999999999716e-02,1.560790483649661553e+02
9.220000000000000000e+08,-9.890000000000000180e-02,1.560534068971994941e+02
9.230000000000000000e+08,-1.000000000000000056e-01,1.560277651921396966e+02
9.240000000000000000e+08,-9.400000000000000022e-02,1.560021232600549297e+02
9.250000000000000000e+08,-1.019999999999999934e-01,1.559764811112139284e+02
9.260000000000000000e+08,-1.000000000000000056e-01,1.559508981051790784e+02
9.270000000000000000e+08,-1.019999999999999934e-01,1.559253372519676191e+02
9.280000000000000000e+08,-9.750000000000000333e-02,1.558997763823923890e+02
9.290000000000000000e+08,-1.280000000000000027e-01,1.558742155066278201e+02
9.300000000000000000e+08,-1.100000000000000006e-01,1.558486546348484296e+02
9.310000000000000000e+08,-8.550000000000000655e-02,1.558230937772286211e+02
9.320000000000000000e+08,-1.029999999999999943e-01,1.557975329439428833e+02
9.330000000000000000e+08,-1.160000000000000059e-01,1.557719721451655062e+02
9.340000000000000000e+08,-1.140000000000000041e-01,1.557464113910708363e+02
9.350000000000000000e+08,-9.969999999999999696e-02,1.557208506918330500e+02
9.360000000000000000e+08,-9.439999999999999780e-02,1.556952900576261527e+02
9.370000000000000000e+08,-9.929999999999999938e-02,1.556697294986240934e+02
9.380000000000000000e+08,-9.629999999999999671e-02,1.556441562936116725e+02
9.390000000000000000e+08,-9.629999999999999671e-02,1.556185399706298256e+02
9.400000000000000000e+08,-9.320000000000000506e-02,1.555929235318131418e+02
9.410000000000000000e+08,-8.390000000000000235e-02,1.555673069874017642e+02
9.420000000000000000e+08,-9.560000000000000442e-02,1.555416903476362904e+02
9.430000000000000000e+08,-9.170000000000000373e-02,1.555160736227573750e+02
9.440000000000000000e+08,-9.500000000000000111e-02,1.554904568230059851e+02
9.450000000000000000e+08,-9.299999999999999933e-02,1.554648399586232586e+02
9.460000000000000000e+08,-9.810000000000000664e-02,1.554392230398503614e+02
9.470000000000000000e+08,-9.059999999999999998e-02,1.554136060769288292e+02
9.480000000000000000e+08,-9.160000000000000087e-02,1.553879890801000840e+02
9.490000000000000000e+08,-8.909999999999999865e-02,1.553623720596057183e+02
9.500000000000000000e+08,-9.470000000000000639e-02,1.553367550256873812e+02
9.510000000000000000e+08,-9.180000000000000659e-02,1.553109358394289927e+02
9.520000000000000000e+08,-9.310000000000000220e-02,1.552850409519967627e+02
9.530000000000000000e+08,-9.299999999999999933e-02,1.552591456534003669e+02
9.540000000000000000e+08,-9.450000000000000067e-02,1.552332499542092705e+02
9.550000000000000000e+08,-9.329999999999999405e-02,1.552073538649939906e+02
9.560000000000000000e+08,-1.010000000000000064e-01,1.551814573963259818e+02
9.570000000000000000e+08,-1.029999999999999943e-01,1.551555605587776654e+02
9.580000000000000000e+08,-1.019999999999999934e-01,1.551296633629223436e+02
9.590000000000000000e+08,-9.500000000000000111e-02,1.551037658193341713e+02
9.600000000000000000e+08,-1.010000000000000064e-01,1.550778679385881560e+02
9.610000000000000000e+08,-9.289999999999999647e-02,1.550519697312601863e+02
9.620000000000000000e+08,-9.940000000000000224e-02,1.550260712079268899e+02
9.630000000000000000e+08,-8.329999999999999905e-02,1.550002226686723930e+02
9.640000000000000000e+08,-1.000000000000000056e-01,1.549745432701843413e+02
9.650000000000000000e+08,-8.749999999999999445e-02,1.549488635878014406e+02
9.660000000000000000e+08,-8.680000000000000215e-02,1.549231836318362241e+02
9.670000000000000000e+08,-8.980000000000000482e-02,1.548975034126017647e+02
9.680000000000000000e+08,-8.359999999999999376e-02,1.548718229404118745e+02
9.690000000000000000e+08,-9.589999999999999913e-02,1.548461422255808770e+02
9.700000000000000000e+08,-9.679999999999999716e-02,1.548204612784236929e+02
9.710000000000000000e+08,-8.150000000000000300e-02,1.547947801092559246e+02
9.720000000000000000e+08,-6.790000000000000202e-02,1.547690987283935726e+02
9.730000000000000000e+08,-8.119999999999999440e-02,1.547434171461532344e+02
9.740000000000000000e+08,-9.070000000000000284e-02,1.547177353728518767e+02
9.750000000000000000e+08,-8.000000000000000167e-02,1.546920534188070349e+02
9.760000000000000000e+08,-7.069999999999999896e-02,1.546660855189087442e+02
9.770000000000000000e+08,-7.340000000000000691e-02,1.546400116449029838e+02
9.780000000000000000e+08,-9.410000000000000309e-02,1.546139379527548101e+02
9.790000000000000000e+08,-7.850000000000000033e-02,1.545878644532615169e+02
9.800000000000000000e+08,-7.560000000000000053e-02,1.545617911572197727e+02
9.810000000000000000e+08,-7.900000000000000078e-02,1.545357180754257911e+02
9.820000000000000000e+08,-9.180000000000000659e-02,1.545096452186752458e+02
9.830000000000000000e+08,-8.260000000000000675e-02,1.544835725977632706e+02
9.840000000000000000e+08,-8.150000000000000300e-02,1.544575002234844590e+02
9.850000000000000000e+08,-8.190000000000000058e-02,1.544314281066326373e+02
9.860000000000000000e+08,-9.550000000000000155e-02,1.544053562580011487e+02
9.870000000000000000e+08,-8.559999999999999554e-02,1.543792846883825689e+02
9.880000000000000000e+08,-9.299999999999999933e-02,1.543533754706384684e+02
9.890000000000000000e+08,-8.690000000000000502e-02,1.543280097132897311e+02
9.900000000000000000e+08,-9.510000000000000397e-02,1.543026433777386046e+02
9.910000000000000000e+08,-8.909999999999999865e-02,1.542772764739096090e+02
9.920000000000000000e+08,-9.629999999999999671e-02,1.542519090117285145e+02
9.930000000000000000e+08,-9.220000000000000417e-02,1.542265410011225129e+02
9.940000000000000000e+08,-9.710000000000000575e-02,1.542011724520200175e+02
9.950000000000000000e+08,-9.729999999999999760e-02,1.541758033743507497e+02
9.960000000000000000e+08,-9.840000000000000135e-02,1.541504337780455955e+02
9.970000000000000000e+08,-1.010000000000000064e-01,1.541250636730367773e+02
9.980000000000000000e+08,-9.650000000000000244e-02,1.540996930692575972e+02
9.990000000000000000e+08,-9.070000000000000284e-02,1.540743219766425796e+02
1.000000000000000000e+09,-9.260000000000000175e-02,1.540489504051274707e+02
1.001000000000000000e+09,-9.070000000000000284e-02,1.540232652829678273e+02
1.002000000000000000e+09,-9.210000000000000131e-02,1.539974642988443350e+02
1.003000000000000000e+09,-8.630000000000000171e-02,1.539716633220608912e+02
1.004000000000000000e+09,-8.089999999999999969e-02,1.539458623630812610e+02
1.005000000000000000e+09,-8.690000000000000502e-02,1.539200614323693515e+02
1.006000000000000000e+09,-1.019999999999999934e-01,1.538942605403888990e+02
1.007000000000000000e+09,-1.000000000000000056e-01,1.538684596976036119e+02
1.008000000000000000e+09,-9.610000000000000486e-02,1.538426589144769991e+02
1.009000000000000000e+09,-9.919999999999999651e-02,1.538168582014724848e+02
1.010000000000000000e+09,-1.130000000000000032e-01,1.537910575690532937e+02
1.011000000000000000e+09,-1.019999999999999934e-01,1.537652570276824804e+02
1.012000000000000000e+09,-8.530000000000000082e-02,1.537394565878228718e+02
1.013000000000000000e+09,-7.920000000000000651e-02,1.537136452212441782e+02
1.014000000000000000e+09,-9.450000000000000067e-02,1.536877969404688713e+02
1.015000000000000000e+09,-8.840000000000000635e-02,1.536619485339613220e+02
1.016000000000000000e+09,-8.309999999999999332e-02,1.536361000122423661e+02
1.017000000000000000e+09,-8.039999999999999925e-02,1.536102513858332088e+02
1.018000000000000000e+09,-8.580000000000000127e-02,1.535844026652551975e+02
1.019000000000000000e+09,-8.550000000000000655e-02,1.535585538610299636e+02
1.020000000000000000e+09,-8.599999999999999312e-02,1.535327049836793378e+02
1.021000000000000000e+09,-8.240000000000000102e-02,1.535068560437253211e+02
1.022000000000000000e+09,-8.630000000000000171e-02,1.534810070516901135e+02
1.023000000000000000e+09,-8.540000000000000369e-02,1.534551580180959434e+02
1.024000000000000000e+09,-9.020000000000000240e-02,1.534293089534652665e+02
1.025000000000000000e+09,-8.140000000000000013e-02,1.534034598683204820e+02
1.026000000000000000e+09,-8.530000000000000082e-02,1.533780672785210584e+02
1.027000000000000000e+09,-8.490000000000000324e-02,1.533528428059800603e+02
1.028000000000000000e+09,-8.060000000000000497e-02,1.533276182445638085e+02
1.029000000000000000e+09,-8.500000000000000611e-02,1.533023936040500814e+02
1.030000000000000000e+09,-8.799999999999999489e-02,1.532771688942166861e+02
1.031000000000000000e+09,-8.110000000000000542e-02,1.532519441248416854e+02
1.032000000000000000e+09,-8.690000000000000502e-02,1.532267193057033410e+02
1.033000000000000000e+09,-8.959999999999999909e-02,1.532014944465798294e+02
1.034000000000000000e+09,-9.039999999999999425e-02,1.531762695572496682e+02
1.035000000000000000e+09,-8.790000000000000591e-02,1.531510446474912328e+02
1.036000000000000000e+09,-8.699999999999999400e-02,1.531258197270830976e+02
1.037000000000000000e+09,-8.580000000000000127e-02,1.531005948058037518e+02
1.038000000000000000e+09,-8.550000000000000655e-02,1.530751632263988711e+02
1.039000000000000000e+09,-8.659999999999999643e-02,1.530490439455392107e+02
1.040000000000000000e+09,-8.999999999999999667e-02,1.530229243551348759e+02
1.041000000000000000e+09,-9.149999999999999800e-02,1.529968044660368776e+02
1.042000000000000000e+09,-9.810000000000000664e-02,1.529706842890970790e+02
1.043000000000000000e+09,-1.110000000000000014e-01,1.529445638351678838e+02
1.044000000000000000e+09,-9.099999999999999756e-02,1.529184431151025763e+02
1.045000000000000000e+09,-8.790000000000000591e-02,1.528923221397549241e+02
1.046000000000000000e+09,-1.010000000000000064e-01,1.528662009199794340e+02
1.047000000000000000e+09,-1.000000000000000056e-01,1.528400794666312663e+02
1.048000000000000000e+09,-9.690000000000000002e-02,1.528139577905660076e+02
1.049000000000000000e+09,-8.500000000000000611e-02,1.527878359026399551e+02
1.050000000000000000e+09,-8.980000000000000482e-02,1.527617138137098607e+02
1.051000000000000000e+09,-9.289999999999999647e-02,1.527362895028727792e+02
1.052000000000000000e+09,-8.870000000000000107e-02,1.527111212390264541e+02
1.053000000000000000e+09,-8.909999999999999865e-02,1.526859528452623351e+02
1.054000000000000000e+09,-8.290000000000000147e-02,1.526607843312924047e+02
1.055000000000000000e+09,-8.459999999999999465e-02,1.526356157068290429e+02
1.056000000000000000e+09,-9.310000000000000220e-02,1.526104469815847438e+02
1.057000000000000000e+09,-7.829999999999999460e-02,1.525852781652723138e+02
1.058000000000000000e+09,-7.670000000000000429e-02,1.525601092676047585e+02
1.059000000000000000e+09,-9.089999999999999469e-02,1.525349402982951972e+02
1.060000000000000000e+09,-8.980000000000000482e-02,1.525097712670570616e+02
1.061000000000000000e+09,-8.630000000000000171e-02,1.524846021836038119e+02
1.062000000000000000e+09,-9.199999999999999845e-02,1.524594330576490506e+02
1.063000000000000000e+09,-9.220000000000000417e-02,1.524341030316223851e+02
1.064000000000000000e+09,-9.740000000000000047e-02,1.524082398861314971e+02
1.065000000000000000e+09,-9.550000000000000155e-02,1.523823764090083444e+02
1.066000000000000000e+09,-9.750000000000000333e-02,1.523565126107868082e+02
1.067000000000000000e+09,-9.969999999999999696e-02,1.523306485020017078e+02
1.068000000000000000e+09,-1.000000000000000056e-01,1.523047840931884878e+02
1.069000000000000000e+09,-1.069999999999999979e-01,1.522789193948832747e+02
1.070000000000000000e+09,-1.059999999999999970e-01,1.522530544176231331e+02
1.071000000000000000e+09,-9.959999999999999409e-02,1.522271891719455823e+02
1.072000000000000000e+09,-1.049999999999999961e-01,1.522013236683889090e+02
1.073000000000000000e+09,-1.029999999999999943e-01,1.521754579174919968e+02
1.074000000000000000e+09,-9.679999999999999716e-02,1.521495919297943544e+02
1.075000000000000000e+09,-9.760000000000000620e-02,1.521237257158360308e+02
1.076000000000000000e+09,-9.869999999999999607e-02,1.520981673308212123e+02
1.077000000000000000e+09,-9.660000000000000531e-02,1.520727210842280499e+02
1.078000000000000000e+09,-9.779999999999999805e-02,1.520472743029614264e+02
1.079000000000000000e+09,-9.009999999999999953e-02,1.520218269970436324e+02
1.080000000000000000e+09,-8.809999999999999776e-02,1.519963791764981522e+02
1.081000000000000000e+09,-7.679999999999999327e-02,1.519709308513497490e+02
1.082000000000000000e+09,-8.290000000000000147e-02,1.519454820316244081e+02
1.083000000000000000e+09,-7.349999999999999589e-02,1.519200327273492235e+02
1.084000000000000000e+09,-7.180000000000000271e-02,1.518945829485524541e+02
1.085000000000000000e+09,-6.550000000000000266e-02,1.518691327052635245e+02
1.086000000000000000e+09,-7.009999999999999565e-02,1.518436820075128821e+02
1.087000000000000000e+09,-7.810000000000000275e-02,1.518182308653320831e+02
1.088000000000000000e+09,-8.790000000000000591e-02,1.517926756751797370e+02
1.089000000000000000e+09,-6.140000000000000319e-02,1.517667785370124136e+02
1.090000000000000000e+09,-7.779999999999999416e-02,1.517408814280218223e+02
1.091000000000000000e+09,-8.369999999999999662e-02,1.517149843587891951e+02
1.092000000000000000e+09,-8.659999999999999643e-02,1.516890873398956785e+02
1.093000000000000000e+09,-9.149999999999999800e-02,1.516631903819222487e+02
1.094000000000000000e+09,-8.129999999999999727e-02,1.516372934954497396e+02
1.095000000000000000e+09,-7.589999999999999525e-02,1.516113966910588431e+02
1.096000000000000000e+09,-8.690000000000000502e-02,1.515854999793300237e+02
1.097000000000000000e+09,-8.859999999999999820e-02,1.515596033708435186e+02
1.098000000000000000e+09,-9.009999999999999953e-02,1.515337068761793091e+02
1.099000000000000000e+09,-9.400000000000000022e-02,1.515078105059171207e+02
1.100000000000000000e+09,-9.690000000000000002e-02,1.514819142706363948e+02
1.101000000000000000e+09,-8.290000000000000147e-02,1.514562165999898866e+02
1.102000000000000000e+09,-9.560000000000000442e-02,1.514305912822453877e+02
1.103000000000000000e+09,-8.319999999999999618e-02,1.514049660401293522e+02
1.104000000000000000e+09,-9.919999999999999651e-02,1.513793408838928940e+02
1.105000000000000000e+09,-9.710000000000000575e-02,1.513537158237869562e+02
1.106000000000000000e+09,-8.659999999999999643e-02,1.513280908700622263e+02
1.107000000000000000e+09,-8.740000000000000546e-02,1.513024660329691926e+02
1.108000000000000000e+09,-8.300000000000000433e-02,1.512768413227580311e+02
1.109000000000000000e+09,-8.930000000000000437e-02,1.512512167496786049e+02
1.110000000000000000e+09,-7.929999999999999549e-02,1.512255923239804076e+02
1.111000000000000000e+09,-8.480000000000000038e-02,1.511999680559126773e+02
1.112000000000000000e+09,-8.480000000000000038e-02,1.511743439557242255e+02
1.113000000000000000e+09,-8.640000000000000457e-02,1.511487144008098653e+02
1.114000000000000000e+09,-8.350000000000000477e-02,1.511230663104657879e+02
1.115000000000000000e+09,-8.890000000000000679e-02,1.510974180617501190e+02
1.116000000000000000e+09,-8.980000000000000482e-02,1.510717696649406321e+02
1.117000000000000000e+09,-7.799999999999999989e-02,1.510461211303155267e+02
1.118000000000000000e+09,-7.810000000000000275e-02,1.510204724681532014e+02
1.119000000000000000e+09,-7.449999999999999678e-02,1.509948236887324811e+02
1.120000000000000000e+09,-8.140000000000000013e-02,1.509691748023324465e+02
1.121000000000000000e+09,-7.760000000000000231e-02,1.509435258192323772e+02
1.122000000000000000e+09,-8.079999999999999682e-02,1.509178767497118656e+02
1.123000000000000000e+09,-8.530000000000000082e-02,1.508922276040507029e+02
1.124000000000000000e+09,-8.290000000000000147e-02,1.508665783925287656e+02
1.125000000000000000e+09,-7.699999999999999900e-02,1.508409291254261859e+02
1.126000000000000000e+09,-7.349999999999999589e-02,1.508156571043311374e+02
1.127000000000000000e+09,-8.709999999999999687e-02,1.507905217118639598e+02
1.128000000000000000e+09,-9.039999999999999425e-02,1.507653860160503143e+02
1.129000000000000000e+09,-7.820000000000000562e-02,1.507402500265599770e+02
1.130000000000000000e+09,-8.309999999999999332e-02,1.507151137530634344e+02
1.131000000000000000e+09,-9.439999999999999780e-02,1.506899772052319122e+02
1.132000000000000000e+09,-8.699999999999999400e-02,1.506648403927371191e+02
1.133000000000000000e+09,-9.710000000000000575e-02,1.506397033252515314e+02
1.134000000000000000e+09,-9.950000000000000511e-02,1.506145660124480798e+02
1.135000000000000000e+09,-9.450000000000000067e-02,1.505894284640003775e+02
1.136000000000000000e+09,-9.470000000000000639e-02,1.505642906895825206e+02
1.137000000000000000e+09,-9.500000000000000111e-02,1.505391526988690885e+02
1.138000000000000000e+09,-8.440000000000000280e-02,1.505137979266320940e+02
1.139000000000000000e+09,-8.400000000000000522e-02,1.504877344400289303e+02
1.140000000000000000e+09,-9.139999999999999514e-02,1.504616706815833425e+02
1.141000000000000000e+09,-9.450000000000000067e-02,1.504356066620781007e+02
1.142000000000000000e+09,-8.749999999999999445e-02,1.504095423922967143e+02
1.143000000000000000e+09,-8.000000000000000167e-02,1.503834778830231755e+02
1.144000000000000000e+09,-7.960000000000000409e-02,1.503574131450421305e+02
1.145000000000000000e+09,-8.300000000000000433e-02,1.503313481891388506e+02
1.146000000000000000e+09,-7.399999999999999634e-02,1.503052830260990902e+02
1.147000000000000000e+09,-7.870000000000000606e-02,1.502792176667090871e+02
1.148000000000000000e+09,-7.539999999999999480e-02,1.502531521217556758e+02
1.149000000000000000e+09,-7.570000000000000340e-02,1.502270864020260319e+02
1.150000000000000000e+09,-8.519999999999999796e-02,1.502010205183078426e+02
1.151000000000000000e+09,-8.019999999999999352e-02,1.501753314223097959e+02
1.152000000000000000e+09,-7.929999999999999549e-02,1.501497785421037463e+02
1.153000000000000000e+09,-7.630000000000000671e-02,1.501242256510355730e+02
1.154000000000000000e+09,-8.190000000000000058e-02,1.500986727592701584e+02
1.155000000000000000e+09,-7.979999999999999594e-02,1.500731198769724415e+02
1.156000000000000000e+09,-8.490000000000000324e-02,1.500475670143074183e+02
1.157000000000000000e+09,-8.409999999999999420e-02,1.500220141814398289e+02
1.158000000000000000e+09,-7.960000000000000409e-02,1.499964613885345841e+02
1.159000000000000000e+09,-8.590000000000000413e-02,1.499709086457563387e+02
1.160000000000000000e+09,-8.500000000000000611e-02,1.499453559632696624e+02
1.161000000000000000e+09,-8.469999999999999751e-02,1.499198033512390396e+02
1.162000000000000000e+09,-9.489999999999999825e-02,1.498942508198286703e+02
1.163000000000000000e+09,-7.480000000000000537e-02,1.498685951481166683e+02
1.164000000000000000e+09,-8.260000000000000675e-02,1.498426031179993743e+02
1.165000000000000000e+09,-8.509999999999999509e-02,1.498166109152522267e+02
1.166000000000000000e+09,-8.530000000000000082e-02,1.497906185505718781e+02
1.167000000000000000e+09,-8.219999999999999529e-02,1.497646260346554072e+02
1.168000000000000000e+09,-8.340000000000000191e-02,1.497386333782002339e+02
1.169000000000000000e+09,-9.299999999999999933e-02,1.497126405919041474e+02
1.170000000000000000e+09,-8.400000000000000522e-02,1.496866476864652782e+02
1.171000000000000000e+09,-8.079999999999999682e-02,1.496606546725819840e+02
1.172000000000000000e+09,-8.079999999999999682e-02,1.496346615609529351e+02
1.173000000000000000e+09,-8.319999999999999618e-02,1.496086683622770863e+02
1.174000000000000000e+09,-8.350000000000000477e-02,1.495826750872535342e+02
1.175000000000000000e+09,-7.470000000000000251e-02,1.495566817465815745e+02
1.176000000000000000e+09,-6.930000000000000049e-02,1.495310497496580240e+02
1.177000000000000000e+09,-8.269999999999999574e-02,1.495055474207146347e+02
1.178000000000000000e+09,-7.989999999999999880e-02,1.494800445726698115e+02
1.179000000000000000e+09,-8.150000000000000300e-02,1.494545412156134319e+02
1.180000000000000000e+09,-7.180000000000000271e-02,1.494290373596363963e+02
1.181000000000000000e+09,-8.119999999999999440e-02,1.494035330148309129e+02
1.182000000000000000e+09,-8.609999999999999598e-02,1.493780281912904115e+02
1.183000000000000000e+09,-7.320000000000000118e-02,1.493525228991092604e+02
1.184000000000000000e+09,-7.660000000000000142e-02,1.493270171483831632e+02
1.185000000000000000e+09,-8.000000000000000167e-02,1.493015109492087618e+02
1.186000000000000000e+09,-7.989999999999999880e-02,1.492760043116838062e+02
1.187000000000000000e+09,-8.469999999999999751e-02,1.492504972459070984e+02
1.188000000000000000e+09,-6.210000000000000242e-02,1.492249562947075106e+02
1.189000000000000000e+09,-7.459999999999999964e-02,1.491993066847294926e+02
1.190000000000000000e+09,-6.840000000000000246e-02,1.491736571919209098e+02
1.191000000000000000e+09,-6.729999999999999871e-02,1.491480078265615248e+02
1.192000000000000000e+09,-7.610000000000000098e-02,1.491223585989308731e+02
1.193000000000000000e+09,-7.249999999999999500e-02,1.490967095193080070e+02
1.194000000000000000e+09,-7.240000000000000602e-02,1.490710605979718082e+02
1.195000000000000000e+09,-7.280000000000000360e-02,1.490454118452006469e+02
1.196000000000000000e+09,-7.280000000000000360e-02,1.490197632712725238e+02
1.197000000000000000e+09,-7.140000000000000513e-02,1.489941148864650131e+02
1.198000000000000000e+09,-7.539999999999999480e-02,1.489684667010552914e+02
1.199000000000000000e+09,-8.390000000000000235e-02,1.489428187253198814e+02
1.200000000000000000e+09,-8.240000000000000102e-02,1.489171709695350216e+02
1.201000000000000000e+09,-9.180000000000000659e-02,1.488912996564128832e+02
1.202000000000000000e+09,-9.400000000000000022e-02,1.488653478887227379e+02
1.203000000000000000e+09,-7.549999999999999767e-02,1.488393958843084306e+02
1.204000000000000000e+09,-7.489999999999999436e-02,1.488134436538156251e+02
1.205000000000000000e+09,-6.429999999999999605e-02,1.487874912078904401e+02
1.206000000000000000e+09,-7.180000000000000271e-02,1.487615385571796480e+02
1.207000000000000000e+09,-5.949999999999999734e-02,1.487355857123304474e+02
1.208000000000000000e+09,-5.390000000000000346e-02,1.487096326839905203e+02
1.209000000000000000e+09,-5.870000000000000218e-02,1.486836794828080315e+02
1.210000000000000000e+09,-7.059999999999999609e-02,1.486577261194315440e+02
1.211000000000000000e+09,-7.860000000000000320e-02,1.486317726045099903e+02
1.212000000000000000e+09,-8.110000000000000542e-02,1.486058189486927574e+02
1.213000000000000000e+09,-6.769999999999999629e-02,1.485799680154967461e+02
1.214000000000000000e+09,-7.049999999999999323e-02,1.485544490769447634e+02
1.215000000000000000e+09,-8.699999999999999400e-02,1.485289297722999891e+02
1.216000000000000000e+09,-6.679999999999999827e-02,1.485034101116796137e+02
1.217000000000000000e+09,-5.369999999999999774e-02,1.484778901052017375e+02
1.218000000000000000e+09,-7.480000000000000537e-02,1.484523697629852848e+02
1.219000000000000000e+09,-8.770000000000000018e-02,1.484268490951500041e+02
1.220000000000000000e+09,-6.629999999999999782e-02,1.484013281118163263e+02
1.221000000000000000e+09,-7.870000000000000606e-02,1.483758068231055915e+02
1.222000000000000000e+09,-6.529999999999999694e-02,1.483502852391396516e+02
1.223000000000000000e+09,-6.800000000000000488e-02,1.483247633700412678e+02
1.224000000000000000e+09,-7.209999999999999742e-02,1.482992412259337698e+02
1.225000000000000000e+09,-7.630000000000000671e-02,1.482737188169411127e+02
1.226000000000000000e+09,-6.940000000000000335e-02,1.482481399671604265e+02
1.227000000000000000e+09,-6.379999999999999560e-02,1.482225407094743446e+02
1.228000000000000000e+09,-6.219999999999999835e-02,1.481969411168274462e+02
1.229000000000000000e+09,-5.899999999999999689e-02,1.481713411994342096e+02
1.230000000000000000e+09,-6.679999999999999827e-02,1.481457409675097665e+02
1.231000000000000000e+09,-6.270000000000000573e-02,1.481201404312700447e+02
1.232000000000000000e+09,-6.560000000000000553e-02,1.480945396009317108e+02
1.233000000000000000e+09,-7.499999999999999722e-02,1.480689384867121703e+02
1.234000000000000000e+09,-5.569999999999999951e-02,1.480433370988293973e+02
1.235000000000000000e+09,-6.419999999999999318e-02,1.480177354475021048e+02
1.236000000000000000e+09,-5.569999999999999951e-02,1.479921335429496594e+02
1.237000000000000000e+09,-5.020000000000000157e-02,1.479665313953919679e+02
1.238000000000000000e+09,-5.190000000000000169e-02,1.479410186217644991e+02
1.239000000000000000e+09,-5.979999999999999899e-02,1.479157940023527260e+02
1.240000000000000000e+09,-6.140000000000000319e-02,1.478905693244926169e+02
1.241000000000000000e+09,-6.329999999999999516e-02,1.478653445979622916e+02
1.242000000000000000e+09,-5.779999999999999721e-02,1.478401198325399264e+02
1.243000000000000000e+09,-5.680000000000000326e-02,1.478148950380038116e+02
1.244000000000000000e+09,-5.310000000000000137e-02,1.477896702241323226e+02
1.245000000000000000e+09,-5.380000000000000060e-02,1.477644454007038348e+02
1.246000000000000000e+09,-6.270000000000000573e-02,1.477392205774968090e+02
1.247000000000000000e+09,-7.080000000000000182e-02,1.477139957642896491e+02
1.248000000000000000e+09,-5.589999999999999830e-02,1.476887709708607872e+02
1.249000000000000000e+09,-5.779999999999999721e-02,1.476635462069885136e+02
1.250000000000000000e+09,-6.769999999999999629e-02,1.476383214824511754e+02
