2.500000000000000000e+07,5.150000000000000064e-03,-6.875149911399054403e-01
2.600000000000000000e+07,-8.540000000000000499e-04,-7.153407623049661268e-01
2.700000000000000000e+07,-6.779999999999999569e-03,-7.432110065158489265e-01
2.800000000000000000e+07,4.029999999999999728e-03,-7.710812578596921707e-01
2.900000000000000000e+07,1.969999999999999876e-02,-7.989515031476360774e-01
3.000000000000000000e+07,6.459999999999999597e-03,-8.268217291908377398e-01
3.100000000000000000e+07,6.649999999999999661e-03,-8.546919228005092073e-01
3.200000000000000000e+07,-5.130000000000000011e-03,-8.825620707879540117e-01
3.300000000000000000e+07,3.899999999999999929e-04,-9.104321599646060248e-01
3.400000000000000000e+07,1.820000000000000090e-02,-9.383021771420654300e-01
3.500000000000000000e+07,1.099999999999999936e-02,-9.661721091321374688e-01
3.600000000000000000e+07,-7.060000000000000303e-03,-9.940419427468686342e-01
3.700000000000000000e+07,1.719999999999999958e-03,-1.021911664798584862e+00
3.800000000000000000e+07,1.299999999999999940e-02,-1.049735108313178067e+00
3.900000000000000000e+07,1.660000000000000017e-02,-1.077375035898828770e+00
4.000000000000000000e+07,6.150000000000000085e-03,-1.105014723251110276e+00
4.100000000000000000e+07,-4.349999999999999700e-03,-1.132654157509090043e+00
4.200000000000000000e+07,9.620000000000000079e-03,-1.160293325812540299e+00
4.300000000000000000e+07,1.490000000000000005e-02,-1.187932215301977124e+00
4.400000000000000000e+07,5.259999999999999919e-03,-1.215570813118694860e+00
4.500000000000000000e+07,-8.109999999999999805e-04,-1.243209106404801645e+00
4.600000000000000000e+07,-5.060000000000000261e-03,-1.270847082303256714e+00
4.700000000000000000e+07,2.380000000000000171e-03,-1.298484727957904372e+00
4.800000000000000000e+07,6.179999999999999730e-03,-1.326122030513512184e+00
4.900000000000000000e+07,-6.889999999999999424e-05,-1.353758977115804285e+00
5.000000000000000000e+07,9.020000000000000240e-04,-1.381395554911499124e+00
5.100000000000000000e+07,6.089999999999999927e-03,-1.409241671414622088e+00
5.200000000000000000e+07,5.689999999999999745e-03,-1.437177362906457923e+00
5.300000000000000000e+07,6.409999999999999899e-03,-1.465113404653229923e+00
5.400000000000000000e+07,6.329999999999999689e-03,-1.493049783378797901e+00
5.500000000000000000e+07,1.009999999999999960e-02,-1.520986485806057775e+00
5.600000000000000000e+07,4.080000000000000293e-03,-1.548923498656984643e+00
5.700000000000000000e+07,5.380000000000000233e-03,-1.576860808652666091e+00
5.800000000000000000e+07,6.420000000000000359e-03,-1.604798402513343270e+00
5.900000000000000000e+07,2.789999999999999945e-03,-1.632736266958446647e+00
6.000000000000000000e+07,-3.730000000000000134e-04,-1.660674388706635973e+00
6.100000000000000000e+07,1.409999999999999969e-02,-1.688612754475835587e+00
6.200000000000000000e+07,1.209999999999999964e-02,-1.716551350983274604e+00
6.300000000000000000e+07,7.599999999999999985e-03,-1.744403299127293305e+00
6.400000000000000000e+07,7.389999999999999868e-03,-1.771911709687821190e+00
6.500000000000000000e+07,1.510000000000000057e-02,-1.799419791564398352e+00
6.600000000000000000e+07,1.220000000000000077e-02,-1.826927532081793704e+00
6.700000000000000000e+07,3.269999999999999903e-03,-1.854434918565720292e+00
6.800000000000000000e+07,1.820000000000000090e-02,-1.881941938342871268e+00
6.900000000000000000e+07,1.349999999999999985e-02,-1.909448578740952307e+00
7.000000000000000000e+07,2.960000000000000131e-02,-1.936954827088718023e+00
7.100000000000000000e+07,3.119999999999999857e-02,-1.964460670716008828e+00
7.200000000000000000e+07,1.200000000000000025e-02,-1.991966096953782905e+00
7.300000000000000000e+07,2.069999999999999965e-02,-2.019471093134152184e+00
7.400000000000000000e+07,2.510000000000000078e-02,-2.046975646590419640e+00
7.500000000000000000e+07,1.770000000000000046e-02,-2.074479744657108604e+00
7.600000000000000000e+07,1.269999999999999948e-02,-2.102159924937522018e+00
7.700000000000000000e+07,1.370000000000000037e-02,-2.129914900131800071e+00
7.800000000000000000e+07,2.299999999999999961e-02,-2.157669874288401957e+00
7.900000000000000000e+07,2.390000000000000110e-02,-2.185424834381450854e+00
8.000000000000000000e+07,1.379999999999999977e-02,-2.213179767385108576e+00
8.100000000000000000e+07,1.729999999999999941e-02,-2.240934660273614210e+00
8.200000000000000000e+07,2.369999999999999885e-02,-2.268689500021318750e+00
8.300000000000000000e+07,2.050000000000000086e-02,-2.296444273602723740e+00
8.400000000000000000e+07,3.080000000000000099e-02,-2.324198967992516351e+00
8.500000000000000000e+07,1.919999999999999832e-02,-2.351953570165607132e+00
8.600000000000000000e+07,2.280000000000000082e-02,-2.379708067097166868e+00
8.700000000000000000e+07,2.299999999999999961e-02,-2.407462445762661218e+00
8.800000000000000000e+07,1.720000000000000001e-02,-2.435233102442147857e+00
8.900000000000000000e+07,1.250000000000000069e-02,-2.463068391786814360e+00
9.000000000000000000e+07,1.959999999999999937e-02,-2.490903860759735355e+00
9.100000000000000000e+07,2.149999999999999828e-02,-2.518739496222982766e+00
9.200000000000000000e+07,1.830000000000000029e-02,-2.546575285038156444e+00
9.300000000000000000e+07,1.439999999999999961e-02,-2.574411214066423703e+00
9.400000000000000000e+07,1.220000000000000077e-02,-2.602247270168551729e+00
9.500000000000000000e+07,1.260000000000000009e-02,-2.630083440204950662e+00
9.600000000000000000e+07,1.420000000000000082e-02,-2.657919711035706012e+00
9.700000000000000000e+07,1.949999999999999997e-02,-2.685756069520619072e+00
9.800000000000000000e+07,1.919999999999999832e-02,-2.713592502519242000e+00
9.900000000000000000e+07,2.259999999999999856e-02,-2.741428996890915570e+00
1.000000000000000000e+08,1.720000000000000001e-02,-2.769265539494808692e+00
1.010000000000000000e+08,2.050000000000000086e-02,-2.797149004372144088e+00
1.020000000000000000e+08,1.660000000000000017e-02,-2.825052467092118658e+00
1.030000000000000000e+08,2.390000000000000110e-02,-2.852956134926655007e+00
1.040000000000000000e+08,1.409999999999999969e-02,-2.880859994641512767e+00
1.050000000000000000e+08,1.209999999999999964e-02,-2.908764033001907112e+00
1.060000000000000000e+08,1.480000000000000066e-02,-2.936668236772545182e+00
1.070000000000000000e+08,3.370000000000000166e-03,-2.964572592717660271e+00
1.080000000000000000e+08,1.000000000000000021e-02,-2.992477087601057129e+00
1.090000000000000000e+08,1.199999999999999895e-03,-3.020381708186140823e+00
1.100000000000000000e+08,-6.870000000000000022e-04,-3.048286441235960709e+00
1.110000000000000000e+08,1.430000000000000021e-02,-3.076191273513246838e+00
1.120000000000000000e+08,3.059999999999999786e-03,-3.104096191780444602e+00
1.130000000000000000e+08,2.179999999999999993e-02,-3.131968357741174991e+00
1.140000000000000000e+08,1.129999999999999928e-02,-3.159712019749415735e+00
1.150000000000000000e+08,1.499999999999999944e-02,-3.187455749998532095e+00
1.160000000000000000e+08,2.500000000000000052e-03,-3.215199535478673987e+00
1.170000000000000000e+08,4.409999999999999858e-03,-3.242943363179836780e+00
1.180000000000000000e+08,2.329999999999999986e-04,-3.270687220091895053e+00
1.190000000000000000e+08,-5.559999999999999838e-03,-3.298431093204644338e+00
1.200000000000000000e+08,3.020000000000000115e-03,-3.326174969507831314e+00
1.210000000000000000e+08,2.109999999999999896e-03,-3.353918835991196001e+00
1.220000000000000000e+08,1.110000000000000049e-02,-3.381662679644505509e+00
1.230000000000000000e+08,2.069999999999999965e-02,-3.409406487457590007e+00
1.240000000000000000e+08,8.229999999999999469e-03,-3.437150246420382249e+00
1.250000000000000000e+08,9.459999999999999659e-03,-3.464893943522950437e+00
1.260000000000000000e+08,-2.119999999999999923e-03,-3.492541505853312245e+00
1.270000000000000000e+08,1.149999999999999981e-02,-3.520148848211510639e+00
1.280000000000000000e+08,1.379999999999999977e-02,-3.547756448126385909e+00
1.290000000000000000e+08,1.260000000000000009e-02,-3.575364292781880504e+00
1.300000000000000000e+08,9.360000000000000264e-03,-3.602972369361254312e+00
1.310000000000000000e+08,4.519999999999999712e-03,-3.630580665047123734e+00
1.320000000000000000e+08,1.370000000000000037e-02,-3.658189167021491439e+00
1.330000000000000000e+08,1.310000000000000053e-02,-3.685797862465787222e+00
1.340000000000000000e+08,1.870000000000000134e-02,-3.713406738560901754e+00
1.350000000000000000e+08,1.050000000000000065e-02,-3.741015782487222108e+00
1.360000000000000000e+08,1.280000000000000061e-02,-3.768624981424668174e+00
1.370000000000000000e+08,1.930000000000000118e-02,-3.796234322552725970e+00
1.380000000000000000e+08,1.640000000000000138e-02,-3.823843389065057607e+00
1.390000000000000000e+08,1.870000000000000134e-02,-3.851451037112237241e+00
1.400000000000000000e+08,2.479999999999999913e-02,-3.879058855508364712e+00
1.410000000000000000e+08,1.919999999999999832e-02,-3.906666831435109621e+00
1.420000000000000000e+08,2.369999999999999885e-02,-3.934274952073704590e+00
1.430000000000000000e+08,2.860000000000000042e-02,-3.961883204604978559e+00
1.440000000000000000e+08,2.620000000000000107e-02,-3.989491576209394985e+00
1.450000000000000000e+08,2.330000000000000127e-02,-4.017100054067082482e+00
1.460000000000000000e+08,2.840000000000000163e-02,-4.044708625357875675e+00
1.470000000000000000e+08,2.900000000000000147e-02,-4.072317277261347179e+00
1.480000000000000000e+08,2.079999999999999905e-02,-4.099925996956847563e+00
1.490000000000000000e+08,2.779999999999999832e-02,-4.127534771623537324e+00
1.500000000000000000e+08,1.569999999999999868e-02,-4.155143588440420643e+00
1.510000000000000000e+08,1.949999999999999997e-02,-4.182777736794424328e+00
1.520000000000000000e+08,7.960000000000000062e-03,-4.210422642873308696e+00
1.530000000000000000e+08,2.170000000000000054e-02,-4.238067703133343578e+00
1.540000000000000000e+08,1.909999999999999892e-02,-4.265712904703973685e+00
1.550000000000000000e+08,1.890000000000000013e-02,-4.293358234714250266e+00
1.560000000000000000e+08,1.640000000000000138e-02,-4.321003680292863081e+00
1.570000000000000000e+08,1.880000000000000074e-02,-4.348649228568184810e+00
1.580000000000000000e+08,5.000000000000000104e-03,-4.376294866668292372e+00
1.590000000000000000e+08,1.499999999999999944e-02,-4.403940581721021985e+00
1.600000000000000000e+08,2.520000000000000018e-02,-4.431586360853986051e+00
1.610000000000000000e+08,1.919999999999999832e-02,-4.459232191194621997e+00
1.620000000000000000e+08,7.049999999999999843e-03,-4.486878059870225144e+00
1.630000000000000000e+08,1.779999999999999985e-02,-4.514508687594605441e+00
1.640000000000000000e+08,2.790000000000000119e-02,-4.542080031610645996e+00
1.650000000000000000e+08,2.179999999999999993e-02,-4.569651297460672446e+00
1.660000000000000000e+08,1.739999999999999880e-02,-4.597222472376134128e+00
1.670000000000000000e+08,9.150000000000000147e-03,-4.624793543588738842e+00
1.680000000000000000e+08,2.299999999999999961e-02,-4.652364498330478604e+00
1.690000000000000000e+08,2.790000000000000119e-02,-4.679935323833671390e+00
1.700000000000000000e+08,3.520000000000000212e-02,-4.707506007330993114e+00
1.710000000000000000e+08,2.239999999999999977e-02,-4.735076536055514040e+00
1.720000000000000000e+08,3.030000000000000054e-02,-4.762646897240734312e+00
1.730000000000000000e+08,2.889999999999999861e-02,-4.790217078120620364e+00
1.740000000000000000e+08,3.250000000000000111e-02,-4.817787065929642232e+00
1.750000000000000000e+08,3.160000000000000309e-02,-4.845356847902799302e+00
1.760000000000000000e+08,2.630000000000000046e-02,-4.873075885818756170e+00
1.770000000000000000e+08,2.510000000000000078e-02,-4.900857389800385988e+00
1.780000000000000000e+08,2.680000000000000090e-02,-4.928638915037057977e+00
1.790000000000000000e+08,2.369999999999999885e-02,-4.956420448465486572e+00
1.800000000000000000e+08,1.280000000000000061e-02,-4.984201977022359564e+00
1.810000000000000000e+08,8.699999999999999400e-03,-5.011983487644380730e+00
1.820000000000000000e+08,1.640000000000000138e-02,-5.039764967268305362e+00
1.830000000000000000e+08,7.960000000000000062e-03,-5.067546402830973129e+00
1.840000000000000000e+08,5.479999999999999628e-03,-5.095327781269352485e+00
1.850000000000000000e+08,4.910000000000000302e-03,-5.123109089520569981e+00
1.860000000000000000e+08,-2.890000000000000208e-03,-5.150890314521949342e+00
1.870000000000000000e+08,7.250000000000000368e-03,-5.178671443211050551e+00
1.880000000000000000e+08,1.220000000000000077e-02,-5.206381778567486407e+00
1.890000000000000000e+08,3.229999999999999798e-03,-5.233818879254864775e+00
1.900000000000000000e+08,1.400000000000000029e-02,-5.261255771112210766e+00
1.910000000000000000e+08,2.259999999999999856e-02,-5.288692441558904278e+00
1.920000000000000000e+08,2.409999999999999989e-02,-5.316128878014934500e+00
1.930000000000000000e+08,1.700000000000000122e-02,-5.343565067900936327e+00
1.940000000000000000e+08,1.469999999999999953e-02,-5.371000998638221446e+00
1.950000000000000000e+08,1.149999999999999981e-02,-5.398436657648814752e+00
1.960000000000000000e+08,2.429999999999999868e-02,-5.425872032355491648e+00
1.970000000000000000e+08,2.220000000000000098e-02,-5.453307110181804696e+00
1.980000000000000000e+08,1.839999999999999969e-02,-5.480741878552126245e+00
1.990000000000000000e+08,1.559999999999999928e-02,-5.508176324891680409e+00
2.000000000000000000e+08,2.149999999999999828e-02,-5.535610436626575037e+00
2.010000000000000000e+08,2.740000000000000074e-02,-5.563291570990887891e+00
2.020000000000000000e+08,1.739999999999999880e-02,-5.591075916978284432e+00
2.030000000000000000e+08,1.149999999999999981e-02,-5.618860545555175889e+00
2.040000000000000000e+08,1.729999999999999941e-02,-5.646645443657996921e+00
2.050000000000000000e+08,2.910000000000000087e-02,-5.674430598222424571e+00
2.060000000000000000e+08,1.839999999999999969e-02,-5.702215996183413793e+00
2.070000000000000000e+08,5.369999999999999774e-03,-5.730001624475228539e+00
2.080000000000000000e+08,6.769999999999999976e-03,-5.757787470031486166e+00
2.090000000000000000e+08,1.499999999999999944e-02,-5.785573519785189411e+00
2.100000000000000000e+08,1.849999999999999908e-02,-5.813359760668766363e+00
2.110000000000000000e+08,1.209999999999999964e-02,-5.841146179614102429e+00
2.120000000000000000e+08,1.779999999999999985e-02,-5.868932763552584753e+00
2.130000000000000000e+08,1.460000000000000013e-02,-5.896679731178898543e+00
2.140000000000000000e+08,2.510000000000000078e-02,-5.924273832177811450e+00
2.150000000000000000e+08,1.409999999999999969e-02,-5.951867935127395093e+00
2.160000000000000000e+08,1.220000000000000077e-02,-5.979462027226956522e+00
2.170000000000000000e+08,1.830000000000000029e-02,-6.007056095675833873e+00
2.180000000000000000e+08,1.490000000000000005e-02,-6.034650127673436337e+00
2.190000000000000000e+08,1.930000000000000118e-02,-6.062244110419267251e+00
2.200000000000000000e+08,2.069999999999999965e-02,-6.089838031112971173e+00
2.210000000000000000e+08,1.729999999999999941e-02,-6.117431876954364967e+00
2.220000000000000000e+08,1.650000000000000078e-02,-6.145025635143473330e+00
2.230000000000000000e+08,1.370000000000000037e-02,-6.172619292880562547e+00
2.240000000000000000e+08,7.499999999999999722e-03,-6.200212837366184893e+00
2.250000000000000000e+08,7.000000000000000146e-03,-6.227806255801201729e+00
2.260000000000000000e+08,2.050000000000000173e-03,-6.255661715311327420e+00
2.270000000000000000e+08,5.349999999999999721e-03,-6.283625756577786881e+00
2.280000000000000000e+08,1.179999999999999973e-02,-6.311589571697133749e+00
2.290000000000000000e+08,6.060000000000000282e-03,-6.339553147350138751e+00
2.300000000000000000e+08,-2.390000000000000197e-03,-6.367516470218257396e+00
2.310000000000000000e+08,7.290000000000000473e-04,-6.395479526983668173e+00
2.320000000000000000e+08,1.609999999999999973e-02,-6.423442304329310737e+00
2.330000000000000000e+08,3.650000000000000033e-03,-6.451404788938920554e+00
2.340000000000000000e+08,5.170000000000000116e-03,-6.479366967497070640e+00
2.350000000000000000e+08,-6.779999999999999569e-03,-6.507328826689210644e+00
2.360000000000000000e+08,1.170000000000000033e-02,-6.535290353201701485e+00
2.370000000000000000e+08,8.259999999999999981e-03,-6.563251533721855324e+00
2.380000000000000000e+08,3.599999999999999901e-03,-6.591158746663452028e+00
2.390000000000000000e+08,8.890000000000000333e-03,-6.618860718849017388e+00
2.400000000000000000e+08,2.900000000000000017e-04,-6.646562876091320682e+00
2.410000000000000000e+08,1.400000000000000029e-02,-6.674265205440432780e+00
2.420000000000000000e+08,3.540000000000000178e-03,-6.701967693945938720e+00
2.430000000000000000e+08,5.239999999999999866e-03,-6.729670328656977674e+00
2.440000000000000000e+08,1.229999999999999974e-03,-6.757373096622277586e+00
2.450000000000000000e+08,1.299999999999999940e-02,-6.785075984890196032e+00
2.460000000000000000e+08,-6.539999999999999807e-03,-6.812778980508751303e+00
2.470000000000000000e+08,-7.349999999999999763e-03,-6.840482070525657932e+00
2.480000000000000000e+08,-7.119999999999999593e-03,-6.868185241988369327e+00
2.490000000000000000e+08,1.340000000000000045e-03,-6.895888481944109749e+00
2.500000000000000000e+08,1.520000000000000084e-04,-6.923591777439908057e+00
2.510000000000000000e+08,-9.859999999999998974e-04,-6.951473971581921596e+00
2.520000000000000000e+08,-3.259999999999999877e-03,-6.979430233528184147e+00
2.530000000000000000e+08,1.420000000000000082e-02,-7.007386622106099416e+00
2.540000000000000000e+08,1.009999999999999960e-02,-7.035343124004915794e+00
2.550000000000000000e+08,1.080000000000000057e-02,-7.063299725913554816e+00
2.560000000000000000e+08,1.170000000000000033e-02,-7.091256414520656470e+00
2.570000000000000000e+08,1.359999999999999924e-02,-7.119213176514610275e+00
2.580000000000000000e+08,7.020000000000000198e-03,-7.147169998583597028e+00
2.590000000000000000e+08,8.319999999999999271e-03,-7.175126867415625220e+00
2.600000000000000000e+08,2.850000000000000103e-03,-7.203083769698571004e+00
2.610000000000000000e+08,1.360000000000000098e-03,-7.231040692120214608e+00
2.620000000000000000e+08,-7.389999999999999868e-03,-7.258997621368278530e+00
2.630000000000000000e+08,-6.049999999999999822e-03,-7.286888739183264185e+00
2.640000000000000000e+08,-8.619999999999999191e-03,-7.314529069507626602e+00
2.650000000000000000e+08,2.500000000000000052e-03,-7.342169346418299547e+00
2.660000000000000000e+08,-2.569999999999999802e-03,-7.369809557050419180e+00
2.670000000000000000e+08,-7.219999999999999855e-03,-7.397449688539302848e+00
2.680000000000000000e+08,-4.100000000000000346e-03,-7.425089728020493496e+00
2.690000000000000000e+08,1.269999999999999948e-02,-7.452729662629790752e+00
2.700000000000000000e+08,1.260000000000000009e-02,-7.480369479503286456e+00
2.710000000000000000e+08,1.840000000000000056e-03,-7.508009165777399296e+00
2.720000000000000000e+08,5.969999999999999613e-03,-7.535648708588916556e+00
2.730000000000000000e+08,1.310000000000000053e-02,-7.563288095075018980e+00
2.740000000000000000e+08,7.050000000000000060e-04,-7.590927312373335845e+00
2.750000000000000000e+08,-9.050000000000000752e-03,-7.618566347621956503e+00
2.760000000000000000e+08,-5.279999999999999971e-03,-7.646394592133088253e+00
2.770000000000000000e+08,1.190000000000000085e-02,-7.674300991265834426e+00
2.780000000000000000e+08,-8.859999999999999820e-03,-7.702207568638021584e+00
2.790000000000000000e+08,-2.529999999999999957e-02,-7.730114311010738426e+00
2.800000000000000000e+08,-1.940000000000000058e-02,-7.758021205144596699e+00
2.810000000000000000e+08,-1.299999999999999940e-02,-7.785928237799784490e+00
2.820000000000000000e+08,-8.500000000000000611e-03,-7.813835395736086653e+00
2.830000000000000000e+08,-4.369999999999999753e-03,-7.841742665712938098e+00
2.840000000000000000e+08,-5.619999999999999996e-03,-7.869650034489448664e+00
2.850000000000000000e+08,-7.349999999999999763e-03,-7.897557488824451966e+00
2.860000000000000000e+08,-9.100000000000000450e-03,-7.925465015476538255e+00
2.870000000000000000e+08,-3.190000000000000127e-03,-7.953372601204086401e+00
2.880000000000000000e+08,1.559999999999999928e-02,-7.981214468284812291e+00
2.890000000000000000e+08,-1.400000000000000029e-02,-8.008807050432912078e+00
2.900000000000000000e+08,-9.620000000000000079e-03,-8.036399894158110513e+00
2.910000000000000000e+08,2.769999999999999893e-03,-8.063992986665013518e+00
2.920000000000000000e+08,-4.490000000000000067e-03,-8.091586315157524467e+00
2.930000000000000000e+08,-2.720000000000000195e-03,-8.119179866838896587e+00
2.940000000000000000e+08,-1.080000000000000014e-03,-8.146773628911759602e+00
2.950000000000000000e+08,-4.120000000000000398e-03,-8.174367588578157040e+00
2.960000000000000000e+08,-4.889999999999999599e-04,-8.201961733039585312e+00
2.970000000000000000e+08,-1.090000000000000040e-03,-8.229556049497025683e+00
2.980000000000000000e+08,-5.839999999999999705e-03,-8.257150525150976250e+00
2.990000000000000000e+08,-9.259999999999999568e-04,-8.284745147201498128e+00
3.000000000000000000e+08,-3.540000000000000178e-03,-8.312339902848240314e+00
3.010000000000000000e+08,-2.010000000000000068e-03,-8.340031403448364244e+00
3.020000000000000000e+08,-3.030000000000000141e-03,-8.367762569102843884e+00
3.030000000000000000e+08,2.239999999999999804e-03,-8.395493711472107989e+00
3.040000000000000000e+08,-3.490000000000000047e-03,-8.423224817563852440e+00
3.050000000000000000e+08,-3.670000000000000085e-03,-8.450955874385870814e+00
3.060000000000000000e+08,-7.760000000000000404e-03,-8.478686868946098798e+00
3.070000000000000000e+08,-9.900000000000000813e-03,-8.506417788252640833e+00
3.080000000000000000e+08,-1.030000000000000013e-02,-8.534148619313819850e+00
3.090000000000000000e+08,-2.419999999999999929e-02,-8.561879349138202144e+00
3.100000000000000000e+08,-1.299999999999999940e-02,-8.589609964734638226e+00
3.110000000000000000e+08,-2.830000000000000050e-03,-8.617340453112305454e+00
3.120000000000000000e+08,-9.749999999999999986e-03,-8.645070801280731132e+00
3.130000000000000000e+08,-1.250000000000000069e-02,-8.672820839737370946e+00
3.140000000000000000e+08,-9.919999999999999998e-03,-8.700646052163358846e+00
3.150000000000000000e+08,-4.199999999999999740e-03,-8.728471761339626767e+00
3.160000000000000000e+08,-1.349999999999999985e-02,-8.756297954153406948e+00
3.170000000000000000e+08,-7.629999999999999630e-03,-8.784124617490551401e+00
3.180000000000000000e+08,-2.160000000000000114e-02,-8.811951738235592302e+00
3.190000000000000000e+08,-6.009999999999999717e-03,-8.839779303271765087e+00
3.200000000000000000e+08,-1.609999999999999973e-02,-8.867607299481038652e+00
3.210000000000000000e+08,-1.510000000000000057e-02,-8.895435713744175743e+00
3.220000000000000000e+08,-2.220000000000000098e-02,-8.923264532940745397e+00
3.230000000000000000e+08,-7.969999999999999654e-03,-8.951093743949174453e+00
3.240000000000000000e+08,-6.769999999999999759e-04,-8.978923333646783078e+00
3.250000000000000000e+08,-1.499999999999999944e-02,-9.006753288909814970e+00
3.260000000000000000e+08,-2.489999999999999852e-02,-9.034424208543132551e+00
3.270000000000000000e+08,-2.040000000000000147e-02,-9.062030210613707837e+00
3.280000000000000000e+08,-1.640000000000000138e-02,-9.089636450680760760e+00
3.290000000000000000e+08,-5.919999999999999915e-03,-9.117242915929617553e+00
3.300000000000000000e+08,-1.940000000000000058e-02,-9.144849593544972066e+00
3.310000000000000000e+08,-2.570000000000000062e-02,-9.172456470710928400e+00
3.320000000000000000e+08,-2.270000000000000143e-02,-9.200063534611041760e+00
3.330000000000000000e+08,-2.100000000000000130e-02,-9.227670772428334445e+00
3.340000000000000000e+08,-1.710000000000000062e-02,-9.255278171345354465e+00
3.350000000000000000e+08,-1.609999999999999973e-02,-9.282885718544198639e+00
3.360000000000000000e+08,-1.430000000000000021e-02,-9.310493401206544561e+00
3.370000000000000000e+08,-2.000000000000000042e-02,-9.338101206513702124e+00
3.380000000000000000e+08,-1.770000000000000046e-02,-9.365632254855785988e+00
3.390000000000000000e+08,-2.549999999999999836e-02,-9.392874332842234608e+00
3.400000000000000000e+08,-2.199999999999999872e-02,-9.420116297783044601e+00
3.410000000000000000e+08,-2.489999999999999852e-02,-9.447358137362137143e+00
3.420000000000000000e+08,-2.319999999999999840e-02,-9.474599839263781575e+00
3.430000000000000000e+08,-2.259999999999999856e-02,-9.501841391172613172e+00
3.440000000000000000e+08,-2.050000000000000086e-02,-9.529082780773682870e+00
3.450000000000000000e+08,-1.949999999999999997e-02,-9.556323995752473266e+00
3.460000000000000000e+08,-1.469999999999999953e-02,-9.583565023794943016e+00
3.470000000000000000e+08,-1.629999999999999852e-02,-9.610805852587562370e+00
3.480000000000000000e+08,-1.239999999999999956e-02,-9.638046469817336259e+00
3.490000000000000000e+08,-1.580000000000000154e-02,-9.665286863171850484e+00
3.500000000000000000e+08,-1.969999999999999876e-02,-9.692527020339284149e+00
3.510000000000000000e+08,-1.119999999999999989e-02,-9.720039165487177613e+00
3.520000000000000000e+08,-1.260000000000000009e-02,-9.747662116123539278e+00
3.530000000000000000e+08,-1.250000000000000069e-02,-9.775284957965329369e+00
3.540000000000000000e+08,-7.629999999999999630e-03,-9.802907678172541495e+00
3.550000000000000000e+08,-6.960000000000000041e-03,-9.830530263905508548e+00
3.560000000000000000e+08,5.729999999999999850e-03,-9.858152702324938232e+00
3.570000000000000000e+08,-1.200000000000000025e-02,-9.885774980591943262e+00
3.580000000000000000e+08,-1.619999999999999912e-02,-9.913397085868091096e+00
3.590000000000000000e+08,-1.159999999999999920e-02,-9.941019005315427037e+00
3.600000000000000000e+08,-9.499999999999999764e-03,-9.968640726096515081e+00
3.610000000000000000e+08,-1.110000000000000049e-02,-9.996262235374475225e+00
3.620000000000000000e+08,-1.020000000000000073e-02,-1.002388352031301366e+01
3.630000000000000000e+08,-8.959999999999999215e-03,-1.005153152209797085e+01
3.640000000000000000e+08,-9.199999999999999845e-03,-1.007928056534269778e+01
3.650000000000000000e+08,2.069999999999999792e-03,-1.010703004856337905e+01
3.660000000000000000e+08,-7.689999999999999787e-03,-1.013477995875202531e+01
3.670000000000000000e+08,-1.389999999999999916e-02,-1.016253028289943572e+01
3.680000000000000000e+08,-3.279999999999999930e-03,-1.019028100799525660e+01
3.690000000000000000e+08,-5.029999999999999749e-03,-1.021803212102799385e+01
3.700000000000000000e+08,-9.119999999999999635e-03,-1.024578360898506624e+01
3.710000000000000000e+08,-1.310000000000000053e-02,-1.027353545885284269e+01
3.720000000000000000e+08,-1.359999999999999924e-02,-1.030128765761666010e+01
3.730000000000000000e+08,-3.339999999999999870e-04,-1.032904019226089254e+01
3.740000000000000000e+08,-2.279999999999999909e-03,-1.035679304976894599e+01
3.750000000000000000e+08,-1.430000000000000021e-02,-1.038454621712333825e+01
3.760000000000000000e+08,-6.930000000000000396e-03,-1.041235530426675915e+01
3.770000000000000000e+08,-2.119999999999999923e-03,-1.044018628940154514e+01
3.780000000000000000e+08,-1.220000000000000077e-02,-1.046801641465686217e+01
3.790000000000000000e+08,-9.030000000000000483e-04,-1.049584566694118415e+01
3.800000000000000000e+08,-1.069999999999999988e-03,-1.052367403316547190e+01
3.810000000000000000e+08,-1.239999999999999956e-02,-1.055150150024318378e+01
3.820000000000000000e+08,-3.540000000000000178e-03,-1.057932805509032370e+01
3.830000000000000000e+08,-2.850000000000000103e-03,-1.060715368462546948e+01
3.840000000000000000e+08,-4.680000000000000132e-03,-1.063497837576981553e+01
3.850000000000000000e+08,-1.359999999999999924e-02,-1.066280211544721901e+01
3.860000000000000000e+08,-1.319999999999999993e-02,-1.069062489058421228e+01
3.870000000000000000e+08,-8.049999999999999864e-03,-1.071844668811006684e+01
3.880000000000000000e+08,-4.400000000000000157e-04,-1.074626738364028355e+01
3.890000000000000000e+08,-1.030000000000000013e-02,-1.077408739420732608e+01
3.900000000000000000e+08,-6.649999999999999661e-03,-1.080190759865406847e+01
3.910000000000000000e+08,-3.939999999999999926e-03,-1.082972798386446733e+01
3.920000000000000000e+08,2.229999999999999994e-04,-1.085754853672196774e+01
3.930000000000000000e+08,-4.519999999999999712e-03,-1.088536924410952977e+01
3.940000000000000000e+08,-1.519999999999999997e-02,-1.091319009290969433e+01
3.950000000000000000e+08,-2.179999999999999993e-02,-1.094101107000459194e+01
3.960000000000000000e+08,-4.230000000000000253e-03,-1.096883216227598545e+01
3.970000000000000000e+08,3.810000000000000019e-03,-1.099665335660532151e+01
3.980000000000000000e+08,-1.849999999999999908e-02,-1.102447463987375542e+01
3.990000000000000000e+08,-1.849999999999999908e-02,-1.105229599896218495e+01
4.000000000000000000e+08,-1.170000000000000033e-02,-1.108011742075130357e+01
4.010000000000000000e+08,-6.980000000000000093e-03,-1.110784745722735423e+01
4.020000000000000000e+08,-1.789999999999999925e-02,-1.113554052197117983e+01
4.030000000000000000e+08,-3.400000000000000244e-02,-1.116323358300916091e+01
4.040000000000000000e+08,-6.980000000000000093e-03,-1.119092662740240129e+01
4.050000000000000000e+08,-2.249999999999999917e-02,-1.121861964221204389e+01
4.060000000000000000e+08,-2.910000000000000087e-02,-1.124631261449932573e+01
4.070000000000000000e+08,-1.820000000000000090e-02,-1.127400553132559402e+01
4.080000000000000000e+08,-1.880000000000000074e-02,-1.130169837975235581e+01
4.090000000000000000e+08,-1.580000000000000154e-02,-1.132939114684130644e+01
4.100000000000000000e+08,-1.590000000000000094e-02,-1.135708381965437219e+01
4.110000000000000000e+08,-1.799999999999999864e-02,-1.138477638525374758e+01
4.120000000000000000e+08,-1.490000000000000005e-02,-1.141246883070191664e+01
4.130000000000000000e+08,-1.329999999999999932e-02,-1.144012699382433418e+01
4.140000000000000000e+08,-2.060000000000000026e-02,-1.146765869655614090e+01
4.150000000000000000e+08,-1.540000000000000049e-02,-1.149519079028861945e+01
4.160000000000000000e+08,-1.640000000000000138e-02,-1.152272326231523536e+01
4.170000000000000000e+08,-2.210000000000000159e-02,-1.155025609992841673e+01
4.180000000000000000e+08,-2.500000000000000139e-02,-1.157778929041957383e+01
4.190000000000000000e+08,-2.850000000000000103e-02,-1.160532282107913815e+01
4.200000000000000000e+08,-2.510000000000000078e-02,-1.163285667919660327e+01
4.210000000000000000e+08,-2.759999999999999953e-02,-1.166039085206055148e+01
4.220000000000000000e+08,-2.409999999999999989e-02,-1.168792532695869291e+01
4.230000000000000000e+08,-2.479999999999999913e-02,-1.171546009117790099e+01
4.240000000000000000e+08,-1.439999999999999961e-02,-1.174299513200425515e+01
4.250000000000000000e+08,-2.879999999999999921e-02,-1.177053043672305499e+01
4.260000000000000000e+08,-2.790000000000000119e-02,-1.179830097845970549e+01
4.270000000000000000e+08,-2.769999999999999893e-02,-1.182616600216435288e+01
4.280000000000000000e+08,-7.150000000000000105e-03,-1.185403071444602574e+01
4.290000000000000000e+08,-2.539999999999999897e-02,-1.188189510212916922e+01
4.300000000000000000e+08,-1.389999999999999916e-02,-1.190975915203915214e+01
4.310000000000000000e+08,-1.480000000000000066e-02,-1.193762285100229903e+01
4.320000000000000000e+08,-6.779999999999999569e-03,-1.196548618584593449e+01
4.330000000000000000e+08,-8.569999999999999493e-03,-1.199334914339841163e+01
4.340000000000000000e+08,-1.230000000000000017e-02,-1.202121171048915294e+01
4.350000000000000000e+08,-1.559999999999999928e-02,-1.204907387394869644e+01
4.360000000000000000e+08,-2.040000000000000147e-03,-1.207693562060871706e+01
4.370000000000000000e+08,-1.220000000000000077e-02,-1.210479693730207451e+01
4.380000000000000000e+08,-8.510000000000000203e-03,-1.213264866339182291e+01
4.390000000000000000e+08,-5.360000000000000181e-03,-1.216046653384200660e+01
4.400000000000000000e+08,-1.870000000000000134e-02,-1.218828455124628718e+01
4.410000000000000000e+08,-1.629999999999999852e-02,-1.221610270249088792e+01
4.420000000000000000e+08,-1.009999999999999960e-02,-1.224392097446164840e+01
4.430000000000000000e+08,-1.750000000000000167e-02,-1.227173935404406713e+01
4.440000000000000000e+08,-2.050000000000000086e-02,-1.229955782812334064e+01
4.450000000000000000e+08,-1.660000000000000017e-02,-1.232737638358439014e+01
4.460000000000000000e+08,-2.000000000000000042e-02,-1.235519500731191833e+01
4.470000000000000000e+08,-1.590000000000000094e-02,-1.238301368619042542e+01
4.480000000000000000e+08,-2.829999999999999877e-02,-1.241083240710426239e+01
4.490000000000000000e+08,-1.880000000000000074e-02,-1.243865115693765766e+01
4.500000000000000000e+08,-2.189999999999999933e-02,-1.246646992257475617e+01
4.510000000000000000e+08,-2.069999999999999965e-02,-1.249446371518345344e+01
4.520000000000000000e+08,-3.819999999999999785e-02,-1.252252840554653268e+01
4.530000000000000000e+08,-3.379999999999999671e-02,-1.255059380581639239e+01
4.540000000000000000e+08,-1.379999999999999977e-02,-1.257865990255161570e+01
4.550000000000000000e+08,-2.539999999999999897e-02,-1.260672668230876603e+01
4.560000000000000000e+08,-2.949999999999999845e-02,-1.263479413164245635e+01
4.570000000000000000e+08,-3.080000000000000099e-02,-1.266286223710536341e+01
4.580000000000000000e+08,-2.440000000000000155e-02,-1.269093098524827745e+01
4.590000000000000000e+08,-2.230000000000000038e-02,-1.271900036262014488e+01
4.600000000000000000e+08,-2.330000000000000127e-02,-1.274707035576809133e+01
4.610000000000000000e+08,-2.060000000000000026e-02,-1.277514095123747495e+01
4.620000000000000000e+08,-1.629999999999999852e-02,-1.280321213557191840e+01
4.630000000000000000e+08,-9.610000000000000486e-03,-1.283106742103685427e+01
4.640000000000000000e+08,-8.580000000000000820e-03,-1.285812721707447359e+01
4.650000000000000000e+08,-6.179999999999999730e-03,-1.288518694905129713e+01
4.660000000000000000e+08,-3.380000000000000192e-03,-1.291224660489626963e+01
4.670000000000000000e+08,-9.220000000000000764e-03,-1.293930617253853654e+01
4.680000000000000000e+08,-1.069999999999999944e-02,-1.296636563990748847e+01
4.690000000000000000e+08,-2.990000000000000036e-03,-1.299342499493276648e+01
4.700000000000000000e+08,-1.640000000000000138e-02,-1.302048422554433316e+01
4.710000000000000000e+08,-2.479999999999999913e-02,-1.304754331967246550e+01
4.720000000000000000e+08,-1.329999999999999932e-02,-1.307460226524781888e+01
4.730000000000000000e+08,-7.760000000000000404e-03,-1.310166105020144300e+01
4.740000000000000000e+08,-2.009999999999999981e-02,-1.312871966246481215e+01
4.750000000000000000e+08,-2.920000000000000026e-02,-1.315577808996986953e+01
4.760000000000000000e+08,-1.729999999999999941e-02,-1.318343810130829219e+01
4.770000000000000000e+08,-5.089999999999999906e-03,-1.321133877714806637e+01
4.780000000000000000e+08,-1.580000000000000154e-02,-1.323923936981479876e+01
4.790000000000000000e+08,-1.689999999999999836e-02,-1.326713986607693663e+01
4.800000000000000000e+08,-1.609999999999999973e-02,-1.329504025270321144e+01
4.810000000000000000e+08,-2.400000000000000050e-02,-1.332294051646265487e+01
4.820000000000000000e+08,-1.359999999999999924e-02,-1.335084064412465388e+01
4.830000000000000000e+08,-2.460000000000000034e-02,-1.337874062245899154e+01
4.840000000000000000e+08,-1.839999999999999969e-02,-1.340664043823586127e+01
4.850000000000000000e+08,-7.839999999999999747e-04,-1.343454007822592722e+01
4.860000000000000000e+08,-2.710000000000000169e-03,-1.346243952920035447e+01
4.870000000000000000e+08,-1.159999999999999920e-02,-1.349033877793083569e+01
4.880000000000000000e+08,-3.510000000000000099e-03,-1.351816645956610152e+01
4.890000000000000000e+08,5.440000000000000391e-03,-1.354573305851742404e+01
4.900000000000000000e+08,-3.550000000000000204e-03,-1.357329981478988046e+01
4.910000000000000000e+08,-1.030000000000000013e-02,-1.360086671562203975e+01
4.920000000000000000e+08,-1.319999999999999993e-02,-1.362843374825206944e+01
4.930000000000000000e+08,-1.319999999999999993e-02,-1.365600089991776933e+01
4.940000000000000000e+08,-1.499999999999999944e-02,-1.368356815785660885e+01
4.950000000000000000e+08,-1.129999999999999928e-02,-1.371113550930576253e+01
4.960000000000000000e+08,-1.020000000000000073e-02,-1.373870294150214377e+01
4.970000000000000000e+08,-8.030000000000000679e-03,-1.376627044168244396e+01
4.980000000000000000e+08,-1.170000000000000033e-02,-1.379383799708316083e+01
4.990000000000000000e+08,-1.269999999999999948e-02,-1.382140559494065002e+01
5.000000000000000000e+08,-1.260000000000000009e-02,-1.384897322249113572e+01
5.010000000000000000e+08,-1.590000000000000094e-02,-1.387664295410196047e+01
5.020000000000000000e+08,-1.870000000000000134e-02,-1.390435353667752061e+01
5.030000000000000000e+08,-1.689999999999999836e-02,-1.393206429091406662e+01
5.040000000000000000e+08,-1.669999999999999957e-02,-1.395977520384935211e+01
5.050000000000000000e+08,-1.220000000000000077e-02,-1.398748626252069016e+01
5.060000000000000000e+08,-1.679999999999999896e-02,-1.401519745396498173e+01
5.070000000000000000e+08,-2.019999999999999921e-02,-1.404290876521875653e+01
5.080000000000000000e+08,-2.179999999999999993e-02,-1.407062018331821029e+01
5.090000000000000000e+08,-1.980000000000000163e-02,-1.409833169529923680e+01
5.100000000000000000e+08,-2.249999999999999917e-02,-1.412604328819746158e+01
5.110000000000000000e+08,-2.139999999999999888e-02,-1.415375494904828990e+01
5.120000000000000000e+08,-1.290000000000000001e-02,-1.418146666488693342e+01
5.130000000000000000e+08,-1.450000000000000074e-02,-1.420913812230839390e+01
5.140000000000000000e+08,-1.899999999999999953e-02,-1.423666282214364287e+01
5.150000000000000000e+08,-1.959999999999999937e-02,-1.426418758838115863e+01
5.160000000000000000e+08,-2.879999999999999921e-02,-1.429171240831669287e+01
5.170000000000000000e+08,-8.940000000000000030e-03,-1.431923726924585338e+01
5.180000000000000000e+08,-1.329999999999999932e-02,-1.434676215846413960e+01
5.190000000000000000e+08,-2.230000000000000038e-02,-1.437428706326696570e+01
5.200000000000000000e+08,-2.790000000000000119e-02,-1.440181197094970145e+01
5.210000000000000000e+08,-2.419999999999999929e-02,-1.442933686880771305e+01
5.220000000000000000e+08,-3.020000000000000115e-02,-1.445686174413639513e+01
5.230000000000000000e+08,-2.960000000000000131e-02,-1.448438658423119918e+01
5.240000000000000000e+08,-2.179999999999999993e-02,-1.451191137638767792e+01
5.250000000000000000e+08,-1.190000000000000085e-02,-1.453943610790151553e+01
5.260000000000000000e+08,-1.220000000000000077e-02,-1.456702510938007222e+01
5.270000000000000000e+08,-2.210000000000000159e-02,-1.459463967553252139e+01
5.280000000000000000e+08,-1.679999999999999896e-02,-1.462225425668846057e+01
5.290000000000000000e+08,-2.879999999999999921e-02,-1.464986884001869072e+01
5.300000000000000000e+08,-3.189999999999999780e-02,-1.467748341269398615e+01
5.310000000000000000e+08,-1.370000000000000037e-02,-1.470509796188517093e+01
5.320000000000000000e+08,-2.139999999999999888e-02,-1.473271247476312951e+01
5.330000000000000000e+08,-2.889999999999999861e-02,-1.476032693849883159e+01
5.340000000000000000e+08,-9.350000000000000672e-03,-1.478794134026341212e+01
5.350000000000000000e+08,-2.369999999999999885e-02,-1.481555566722814810e+01
5.360000000000000000e+08,-1.919999999999999832e-02,-1.484316990656454749e+01
5.370000000000000000e+08,-2.110000000000000070e-02,-1.487078404544435273e+01
5.380000000000000000e+08,-1.190000000000000085e-02,-1.489839039630093076e+01
5.390000000000000000e+08,-1.359999999999999924e-02,-1.492596873068066721e+01
5.400000000000000000e+08,-2.400000000000000050e-02,-1.495354683660230499e+01
5.410000000000000000e+08,-2.620000000000000107e-02,-1.498112470129040119e+01
5.420000000000000000e+08,-2.380000000000000171e-02,-1.500870231197018612e+01
5.430000000000000000e+08,-2.239999999999999977e-02,-1.503627965586759352e+01
5.440000000000000000e+08,-2.249999999999999917e-02,-1.506385672020929967e+01
5.450000000000000000e+08,-1.669999999999999957e-02,-1.509143349222275887e+01
5.460000000000000000e+08,-2.809999999999999998e-02,-1.511900995913623191e+01
5.470000000000000000e+08,-2.369999999999999885e-02,-1.514658610817884110e+01
5.480000000000000000e+08,-2.249999999999999917e-02,-1.517416192658057561e+01
5.490000000000000000e+08,-1.909999999999999892e-02,-1.520173740157235365e+01
5.500000000000000000e+08,-1.779999999999999985e-02,-1.522931252038604377e+01
5.510000000000000000e+08,-2.000000000000000042e-02,-1.525720582593308094e+01
5.520000000000000000e+08,-2.929999999999999966e-02,-1.528522527215990046e+01
5.530000000000000000e+08,-2.419999999999999929e-02,-1.531324488072360346e+01
5.540000000000000000e+08,-2.709999999999999909e-02,-1.534126463822343922e+01
5.550000000000000000e+08,-3.119999999999999857e-02,-1.536928453125825023e+01
5.560000000000000000e+08,-2.680000000000000090e-02,-1.539730454642647928e+01
5.570000000000000000e+08,-2.900000000000000147e-02,-1.542532467032621568e+01
5.580000000000000000e+08,-3.459999999999999881e-02,-1.545334488955524321e+01
5.590000000000000000e+08,-3.400000000000000244e-02,-1.548136519071107209e+01
5.600000000000000000e+08,-3.379999999999999671e-02,-1.550938556039096916e+01
5.610000000000000000e+08,-1.890000000000000013e-02,-1.553740598519201654e+01
5.620000000000000000e+08,-2.529999999999999957e-02,-1.556542645171112582e+01
5.630000000000000000e+08,-3.440000000000000002e-02,-1.559331590812967683e+01
5.640000000000000000e+08,-4.139999999999999930e-02,-1.562073220133459373e+01
5.650000000000000000e+08,-4.039999999999999841e-02,-1.564814848874155828e+01
5.660000000000000000e+08,-3.259999999999999704e-02,-1.567556475779576353e+01
5.670000000000000000e+08,-4.870000000000000023e-02,-1.570298099594244157e+01
5.680000000000000000e+08,-4.649999999999999967e-02,-1.573039719062691688e+01
5.690000000000000000e+08,-5.399999999999999939e-02,-1.575781332929462586e+01
5.700000000000000000e+08,-4.340000000000000108e-02,-1.578522939939117009e+01
5.710000000000000000e+08,-3.099999999999999978e-02,-1.581264538836232880e+01
5.720000000000000000e+08,-4.920000000000000068e-02,-1.584006128365411215e+01
5.730000000000000000e+08,-4.819999999999999979e-02,-1.586747707271277896e+01
5.740000000000000000e+08,-3.039999999999999994e-02,-1.589489274298488830e+01
5.750000000000000000e+08,-2.790000000000000119e-02,-1.592230828191732250e+01
5.760000000000000000e+08,-4.209999999999999853e-02,-1.595016989670481777e+01
5.770000000000000000e+08,-4.719999999999999890e-02,-1.597820745850973800e+01
5.780000000000000000e+08,-3.339999999999999913e-02,-1.600624508041022054e+01
5.790000000000000000e+08,-3.109999999999999917e-02,-1.603428274897852290e+01
5.800000000000000000e+08,-3.660000000000000059e-02,-1.606232045078675696e+01
5.810000000000000000e+08,-2.779999999999999832e-02,-1.609035817240695465e+01
5.820000000000000000e+08,-3.420000000000000123e-02,-1.611839590041106973e+01
5.830000000000000000e+08,-3.280000000000000276e-02,-1.614643362137105598e+01
5.840000000000000000e+08,-3.699999999999999817e-02,-1.617447132185887781e+01
5.850000000000000000e+08,-3.409999999999999837e-02,-1.620250898844656362e+01
5.860000000000000000e+08,-3.339999999999999913e-02,-1.623054660770623059e+01
5.870000000000000000e+08,-3.339999999999999913e-02,-1.625858416621014157e+01
5.880000000000000000e+08,-3.389999999999999958e-02,-1.628661023131167340e+01
5.890000000000000000e+08,-3.509999999999999926e-02,-1.631459522812002660e+01
5.900000000000000000e+08,-4.399999999999999745e-02,-1.634258024237091789e+01
5.910000000000000000e+08,-4.499999999999999833e-02,-1.637056526071190632e+01
5.920000000000000000e+08,-4.499999999999999833e-02,-1.639855026979052255e+01
5.930000000000000000e+08,-4.279999999999999777e-02,-1.642653525625433630e+01
5.940000000000000000e+08,-4.220000000000000140e-02,-1.645452020675097060e+01
5.950000000000000000e+08,-3.880000000000000115e-02,-1.648250510792815149e+01
5.960000000000000000e+08,-5.120000000000000245e-02,-1.651048994643376489e+01
5.970000000000000000e+08,-3.500000000000000333e-02,-1.653847470891585303e+01
5.980000000000000000e+08,-2.719999999999999848e-02,-1.656645938202268908e+01
5.990000000000000000e+08,-2.989999999999999949e-02,-1.659444395240279846e+01
6.000000000000000000e+08,-3.670000000000000345e-02,-1.662242840670500144e+01
6.010000000000000000e+08,-4.750000000000000056e-02,-1.665026402254287063e+01
6.020000000000000000e+08,-2.970000000000000070e-02,-1.667804143429969699e+01
6.030000000000000000e+08,-2.350000000000000006e-02,-1.670581909218725158e+01
6.040000000000000000e+08,-3.889999999999999708e-02,-1.673359698315078248e+01
6.050000000000000000e+08,-4.340000000000000108e-02,-1.676137509413489468e+01
6.060000000000000000e+08,-2.900000000000000147e-02,-1.678915341208356438e+01
6.070000000000000000e+08,-2.970000000000000070e-02,-1.681693192394018865e+01
6.080000000000000000e+08,-3.799999999999999906e-02,-1.684471061664761038e+01
6.090000000000000000e+08,-3.230000000000000232e-02,-1.687248947714817149e+01
6.100000000000000000e+08,-2.350000000000000006e-02,-1.690026849238374140e+01
6.110000000000000000e+08,-1.919999999999999832e-02,-1.692804764929573125e+01
6.120000000000000000e+08,-2.790000000000000119e-02,-1.695582693482517911e+01
6.130000000000000000e+08,-3.479999999999999760e-02,-1.698357942398014941e+01
6.140000000000000000e+08,-2.469999999999999973e-02,-1.701123572135634276e+01
6.150000000000000000e+08,-2.699999999999999969e-02,-1.703889215923882716e+01
6.160000000000000000e+08,-2.479999999999999913e-02,-1.706654872474095441e+01
6.170000000000000000e+08,-3.980000000000000204e-02,-1.709420540497569974e+01
6.180000000000000000e+08,-3.250000000000000111e-02,-1.712186218705571505e+01
6.190000000000000000e+08,-3.479999999999999760e-02,-1.714951905809337873e+01
6.200000000000000000e+08,-3.280000000000000276e-02,-1.717717600520081689e+01
6.210000000000000000e+08,-3.849999999999999950e-02,-1.720483301548994248e+01
6.220000000000000000e+08,-3.849999999999999950e-02,-1.723249007607249439e+01
6.230000000000000000e+08,-4.599999999999999922e-02,-1.726014717406005872e+01
6.240000000000000000e+08,-4.510000000000000120e-02,-1.728780429656413986e+01
6.250000000000000000e+08,-4.870000000000000023e-02,-1.731546143069614985e+01
6.260000000000000000e+08,-5.460000000000000270e-02,-1.734312859308068866e+01
6.270000000000000000e+08,-4.970000000000000112e-02,-1.737079985671051574e+01
6.280000000000000000e+08,-5.460000000000000270e-02,-1.739847131531117341e+01
6.290000000000000000e+08,-5.109999999999999959e-02,-1.742614295597593355e+01
6.300000000000000000e+08,-4.789999999999999813e-02,-1.745381476579756708e+01
6.310000000000000000e+08,-5.439999999999999697e-02,-1.748148673186836888e+01
6.320000000000000000e+08,-5.349999999999999895e-02,-1.750915884128019329e+01
6.330000000000000000e+08,-5.079999999999999793e-02,-1.753683108112451094e+01
6.340000000000000000e+08,-5.170000000000000290e-02,-1.756450343849239459e+01
6.350000000000000000e+08,-4.769999999999999934e-02,-1.759217590047462210e+01
6.360000000000000000e+08,-5.340000000000000302e-02,-1.761984845416165513e+01
6.370000000000000000e+08,-6.469999999999999363e-02,-1.764752108664371022e+01
6.380000000000000000e+08,-5.129999999999999838e-02,-1.767516076212608311e+01
6.390000000000000000e+08,-5.439999999999999697e-02,-1.770268292884535200e+01
6.400000000000000000e+08,-4.989999999999999991e-02,-1.773020533065932014e+01
6.410000000000000000e+08,-5.310000000000000137e-02,-1.775772795486968292e+01
6.420000000000000000e+08,-5.859999999999999931e-02,-1.778525078877749976e+01
6.430000000000000000e+08,-4.469999999999999668e-02,-1.781277381968327234e+01
6.440000000000000000e+08,-6.180000000000000077e-02,-1.784029703488693741e+01
6.450000000000000000e+08,-5.600000000000000117e-02,-1.786782042168792373e+01
6.460000000000000000e+08,-5.299999999999999850e-02,-1.789534396738519817e+01
6.470000000000000000e+08,-4.900000000000000189e-02,-1.792286765927727643e+01
6.480000000000000000e+08,-4.750000000000000056e-02,-1.795039148466226919e+01
6.490000000000000000e+08,-4.700000000000000011e-02,-1.797791543083792121e+01
6.500000000000000000e+08,-5.369999999999999774e-02,-1.800543948510165038e+01
6.510000000000000000e+08,-5.340000000000000302e-02,-1.803333541962680897e+01
6.520000000000000000e+08,-5.090000000000000080e-02,-1.806137622636026308e+01
6.530000000000000000e+08,-5.310000000000000137e-02,-1.808941692524514622e+01
6.540000000000000000e+08,-4.150000000000000216e-02,-1.811745750284984879e+01
6.550000000000000000e+08,-5.340000000000000302e-02,-1.814549794574309871e+01
6.560000000000000000e+08,-4.240000000000000019e-02,-1.817353824049400757e+01
6.570000000000000000e+08,-4.950000000000000233e-02,-1.820157837367211329e+01
6.580000000000000000e+08,-4.809999999999999692e-02,-1.822961833184742630e+01
6.590000000000000000e+08,-5.870000000000000218e-02,-1.825765810159045799e+01
6.600000000000000000e+08,-4.150000000000000216e-02,-1.828569766947225261e+01
6.610000000000000000e+08,-4.800000000000000100e-02,-1.831373702206443710e+01
6.620000000000000000e+08,-5.349999999999999895e-02,-1.834177614593927430e+01
6.630000000000000000e+08,-5.519999999999999907e-02,-1.836971352819534431e+01
6.640000000000000000e+08,-5.310000000000000137e-02,-1.839729084396801539e+01
6.650000000000000000e+08,-5.890000000000000097e-02,-1.842486840463316611e+01
6.660000000000000000e+08,-5.000000000000000278e-02,-1.845244619741619729e+01
6.670000000000000000e+08,-5.269999999999999685e-02,-1.848002420954188452e+01
6.680000000000000000e+08,-5.979999999999999899e-02,-1.850760242823437451e+01
6.690000000000000000e+08,-6.029999999999999943e-02,-1.853518084071725269e+01
6.700000000000000000e+08,-4.920000000000000068e-02,-1.856275943421356089e+01
6.710000000000000000e+08,-4.989999999999999991e-02,-1.859033819594583292e+01
6.720000000000000000e+08,-5.290000000000000258e-02,-1.861791711313614428e+01
6.730000000000000000e+08,-3.849999999999999950e-02,-1.864549617300613349e+01
6.740000000000000000e+08,-5.129999999999999838e-02,-1.867307536277703761e+01
6.750000000000000000e+08,-4.139999999999999930e-02,-1.870065466966973844e+01
6.760000000000000000e+08,-4.070000000000000007e-02,-1.872815313049381558e+01
6.770000000000000000e+08,-4.700000000000000011e-02,-1.875562023037809567e+01
6.780000000000000000e+08,-5.680000000000000326e-02,-1.878308739661569149e+01
6.790000000000000000e+08,-4.639999999999999680e-02,-1.881055461658195327e+01
6.800000000000000000e+08,-5.269999999999999685e-02,-1.883802187765207137e+01
6.810000000000000000e+08,-5.079999999999999793e-02,-1.886548916720113667e+01
6.820000000000000000e+08,-6.270000000000000573e-02,-1.889295647260416544e+01
6.830000000000000000e+08,-4.979999999999999705e-02,-1.892042378123611002e+01
6.840000000000000000e+08,-5.419999999999999818e-02,-1.894789108047193338e+01
6.850000000000000000e+08,-4.080000000000000293e-02,-1.897535835768661627e+01
6.860000000000000000e+08,-5.790000000000000008e-02,-1.900282560025519984e+01
6.870000000000000000e+08,-5.380000000000000060e-02,-1.903029279555282116e+01
6.880000000000000000e+08,-4.279999999999999777e-02,-1.905782299419814407e+01
6.890000000000000000e+08,-5.619999999999999996e-02,-1.908557604032153066e+01
6.900000000000000000e+08,-6.049999999999999822e-02,-1.911332923724265243e+01
6.910000000000000000e+08,-4.660000000000000253e-02,-1.914108257193926121e+01
6.920000000000000000e+08,-4.540000000000000285e-02,-1.916883603138871450e+01
6.930000000000000000e+08,-4.309999999999999942e-02,-1.919658960256802516e+01
6.940000000000000000e+08,-4.510000000000000120e-02,-1.922434327245388275e+01
6.950000000000000000e+08,-4.959999999999999826e-02,-1.925209702802269618e+01
6.960000000000000000e+08,-4.009999999999999676e-02,-1.927985085625064698e+01
6.970000000000000000e+08,-5.650000000000000161e-02,-1.930760474411370353e+01
6.980000000000000000e+08,-5.859999999999999931e-02,-1.933535867858766721e+01
6.990000000000000000e+08,-5.310000000000000137e-02,-1.936311264664820797e+01
7.000000000000000000e+08,-4.809999999999999692e-02,-1.939086663527090337e+01
7.010000000000000000e+08,-5.009999999999999870e-02,-1.941862911043211071e+01
7.020000000000000000e+08,-5.449999999999999983e-02,-1.944639488919603210e+01
7.030000000000000000e+08,-5.360000000000000181e-02,-1.947416068201200545e+01
7.040000000000000000e+08,-5.659999999999999754e-02,-1.950192647583892125e+01
7.050000000000000000e+08,-5.689999999999999919e-02,-1.952969225763565575e+01
7.060000000000000000e+08,-6.189999999999999669e-02,-1.955745801436112430e+01
7.070000000000000000e+08,-6.140000000000000319e-02,-1.958522373297431329e+01
7.080000000000000000e+08,-5.689999999999999919e-02,-1.961298940043431926e+01
7.090000000000000000e+08,-5.240000000000000213e-02,-1.964075500370038085e+01
7.100000000000000000e+08,-4.929999999999999660e-02,-1.966852052973191078e+01
7.110000000000000000e+08,-4.680000000000000132e-02,-1.969628596548855270e+01
7.120000000000000000e+08,-5.020000000000000157e-02,-1.972405129793019540e+01
7.130000000000000000e+08,-5.829999999999999766e-02,-1.975181122155225211e+01
7.140000000000000000e+08,-5.929999999999999855e-02,-1.977955246934639888e+01
7.150000000000000000e+08,-5.729999999999999677e-02,-1.980729368663691048e+01
7.160000000000000000e+08,-6.339999999999999802e-02,-1.983503486041733055e+01
7.170000000000000000e+08,-6.199999999999999956e-02,-1.986277597768134129e+01
7.180000000000000000e+08,-5.249999999999999806e-02,-1.989051702542277056e+01
7.190000000000000000e+08,-4.490000000000000241e-02,-1.991825799063565938e+01
7.200000000000000000e+08,-4.739999999999999769e-02,-1.994599886031425839e+01
7.210000000000000000e+08,-5.539999999999999786e-02,-1.997373962145310244e+01
7.220000000000000000e+08,-5.539999999999999786e-02,-2.000148026104703192e+01
7.230000000000000000e+08,-4.599999999999999922e-02,-2.002922076609122115e+01
7.240000000000000000e+08,-4.259999999999999898e-02,-2.005696112358122463e+01
7.250000000000000000e+08,-3.670000000000000345e-02,-2.008470132051301960e+01
7.260000000000000000e+08,-4.599999999999999922e-02,-2.011243424530670509e+01
7.270000000000000000e+08,-4.669999999999999846e-02,-2.014016448798763292e+01
7.280000000000000000e+08,-5.050000000000000322e-02,-2.016789481118096816e+01
7.290000000000000000e+08,-6.069999999999999701e-02,-2.019562520189579757e+01
7.300000000000000000e+08,-5.220000000000000334e-02,-2.022335564714102674e+01
7.310000000000000000e+08,-5.410000000000000225e-02,-2.025108613392540846e+01
7.320000000000000000e+08,-6.629999999999999782e-02,-2.027881664925757121e+01
7.330000000000000000e+08,-6.180000000000000077e-02,-2.030654718014607241e+01
7.340000000000000000e+08,-5.820000000000000173e-02,-2.033427771359941971e+01
7.350000000000000000e+08,-5.790000000000000008e-02,-2.036200823662611015e+01
7.360000000000000000e+08,-4.880000000000000310e-02,-2.038973873623467625e+01
7.370000000000000000e+08,-5.650000000000000161e-02,-2.041746919943371097e+01
7.380000000000000000e+08,-6.320000000000000617e-02,-2.044519689421120034e+01
7.390000000000000000e+08,-6.060000000000000109e-02,-2.047291494333841655e+01
7.400000000000000000e+08,-4.750000000000000056e-02,-2.050063281672976245e+01
7.410000000000000000e+08,-5.390000000000000346e-02,-2.052835050141332118e+01
7.420000000000000000e+08,-6.060000000000000109e-02,-2.055606798441770522e+01
7.430000000000000000e+08,-6.040000000000000230e-02,-2.058378525277209548e+01
7.440000000000000000e+08,-6.130000000000000032e-02,-2.061150229350627328e+01
7.450000000000000000e+08,-6.219999999999999835e-02,-2.063921909365065233e+01
7.460000000000000000e+08,-6.149999999999999911e-02,-2.066693564023633911e+01
7.470000000000000000e+08,-6.890000000000000291e-02,-2.069465192029513645e+01
7.480000000000000000e+08,-6.819999999999999674e-02,-2.072236792085960388e+01
7.490000000000000000e+08,-7.240000000000000602e-02,-2.075008362896308611e+01
7.500000000000000000e+08,-6.650000000000000355e-02,-2.077779903163973785e+01
7.510000000000000000e+08,-5.949999999999999734e-02,-2.080561310918170648e+01
7.520000000000000000e+08,-7.049999999999999323e-02,-2.083346543541873785e+01
7.530000000000000000e+08,-7.420000000000000207e-02,-2.086131806554195833e+01
7.540000000000000000e+08,-6.239999999999999714e-02,-2.088917098639227277e+01
7.550000000000000000e+08,-6.320000000000000617e-02,-2.091702418480975467e+01
7.560000000000000000e+08,-6.840000000000000246e-02,-2.094487764763369242e+01
7.570000000000000000e+08,-7.130000000000000226e-02,-2.097273136170262475e+01
7.580000000000000000e+08,-6.500000000000000222e-02,-2.100058531385438343e+01
7.590000000000000000e+08,-6.719999999999999585e-02,-2.102843949092611453e+01
7.600000000000000000e+08,-6.669999999999999540e-02,-2.105629387975433531e+01
7.610000000000000000e+08,-5.580000000000000238e-02,-2.108414846717496260e+01
7.620000000000000000e+08,-5.559999999999999665e-02,-2.111200324002334128e+01
7.630000000000000000e+08,-4.379999999999999866e-02,-2.113986850844447574e+01
7.640000000000000000e+08,-5.779999999999999721e-02,-2.116776981781619327e+01
7.650000000000000000e+08,-5.689999999999999919e-02,-2.119567108716248782e+01
7.660000000000000000e+08,-4.669999999999999846e-02,-2.122357230325053479e+01
7.670000000000000000e+08,-5.369999999999999774e-02,-2.125147345284766232e+01
7.680000000000000000e+08,-4.639999999999999680e-02,-2.127937452272137620e+01
7.690000000000000000e+08,-6.160000000000000198e-02,-2.130727549963942025e+01
7.700000000000000000e+08,-5.530000000000000193e-02,-2.133517637036980119e+01
7.710000000000000000e+08,-5.859999999999999931e-02,-2.136307712168082773e+01
7.720000000000000000e+08,-5.659999999999999754e-02,-2.139097774034113542e+01
7.730000000000000000e+08,-6.569999999999999452e-02,-2.141887821311976126e+01
7.740000000000000000e+08,-7.090000000000000469e-02,-2.144677852678614016e+01
7.750000000000000000e+08,-7.220000000000000029e-02,-2.147467866811015824e+01
7.760000000000000000e+08,-6.310000000000000331e-02,-2.150242686577825779e+01
7.770000000000000000e+08,-7.929999999999999549e-02,-2.153011728945370251e+01
7.780000000000000000e+08,-8.010000000000000453e-02,-2.155780807552111611e+01
7.790000000000000000e+08,-8.569999999999999840e-02,-2.158549921105165481e+01
7.800000000000000000e+08,-8.119999999999999440e-02,-2.161319068311547653e+01
7.810000000000000000e+08,-8.110000000000000542e-02,-2.164088247878181548e+01
7.820000000000000000e+08,-7.699999999999999900e-02,-2.166857458511898216e+01
7.830000000000000000e+08,-7.770000000000000517e-02,-2.169626698919442376e+01
7.840000000000000000e+08,-8.110000000000000542e-02,-2.172395967807475614e+01
7.850000000000000000e+08,-7.109999999999999654e-02,-2.175165263882578515e+01
7.860000000000000000e+08,-7.679999999999999327e-02,-2.177934585851257410e+01
7.870000000000000000e+08,-7.449999999999999678e-02,-2.180703932419944024e+01
7.880000000000000000e+08,-7.560000000000000053e-02,-2.183470409835337733e+01
7.890000000000000000e+08,-7.720000000000000473e-02,-2.186226860810979034e+01
7.900000000000000000e+08,-6.550000000000000266e-02,-2.188983321907484125e+01
7.910000000000000000e+08,-6.710000000000000686e-02,-2.191739791848932484e+01
7.920000000000000000e+08,-6.759999999999999343e-02,-2.194496269359379781e+01
7.930000000000000000e+08,-5.800000000000000294e-02,-2.197252753162858951e+01
7.940000000000000000e+08,-6.350000000000000089e-02,-2.200009241983387298e+01
7.950000000000000000e+08,-5.879999999999999810e-02,-2.202765734544967557e+01
7.960000000000000000e+08,-5.940000000000000141e-02,-2.205522229571592163e+01
7.970000000000000000e+08,-6.239999999999999714e-02,-2.208278725787245733e+01
7.980000000000000000e+08,-6.180000000000000077e-02,-2.211035221915911819e+01
7.990000000000000000e+08,-6.199999999999999956e-02,-2.213791716681571842e+01
8.000000000000000000e+08,-7.570000000000000340e-02,-2.216548208808211484e+01
8.010000000000000000e+08,-7.370000000000000162e-02,-2.219316445340059474e+01
8.020000000000000000e+08,-7.449999999999999678e-02,-2.222089176894126794e+01
8.030000000000000000e+08,-7.689999999999999614e-02,-2.224861926986061178e+01
8.040000000000000000e+08,-7.639999999999999569e-02,-2.227634694317312380e+01
8.050000000000000000e+08,-7.960000000000000409e-02,-2.230407477589280774e+01
8.060000000000000000e+08,-9.270000000000000462e-02,-2.233180275503322676e+01
8.070000000000000000e+08,-1.000000000000000056e-01,-2.235953086760752484e+01
8.080000000000000000e+08,-8.340000000000000191e-02,-2.238725910062848712e+01
8.090000000000000000e+08,-7.950000000000000122e-02,-2.241498744110853991e+01
8.100000000000000000e+08,-9.729999999999999760e-02,-2.244271587605982177e+01
8.110000000000000000e+08,-9.009999999999999953e-02,-2.247044439249420122e+01
8.120000000000000000e+08,-8.140000000000000013e-02,-2.249817297742331945e+01
8.130000000000000000e+08,-8.959999999999999909e-02,-2.252592228271759822e+01
8.140000000000000000e+08,-9.979999999999999982e-02,-2.255374291950800725e+01
8.150000000000000000e+08,-1.100000000000000006e-01,-2.258156334754999151e+01
8.160000000000000000e+08,-9.479999999999999538e-02,-2.260938355372778474e+01
8.170000000000000000e+08,-8.669999999999999929e-02,-2.263720352492627796e+01
8.180000000000000000e+08,-9.919999999999999651e-02,-2.266502324803099810e+01
8.190000000000000000e+08,-9.360000000000000264e-02,-2.269284270992818975e+01
8.200000000000000000e+08,-7.630000000000000671e-02,-2.272066189750482579e+01
8.210000000000000000e+08,-6.829999999999999960e-02,-2.274848079764867137e+01
8.220000000000000000e+08,-6.959999999999999520e-02,-2.277629939724828034e+01
8.230000000000000000e+08,-7.670000000000000429e-02,-2.280411768319308408e+01
8.240000000000000000e+08,-7.359999999999999876e-02,-2.283193564237337725e+01
8.250000000000000000e+08,-6.690000000000000113e-02,-2.285975326168039956e+01
8.260000000000000000e+08,-7.979999999999999594e-02,-2.288743148501490410e+01
8.270000000000000000e+08,-7.660000000000000142e-02,-2.291505716483010247e+01
8.280000000000000000e+08,-8.559999999999999554e-02,-2.294268319527154887e+01
8.290000000000000000e+08,-8.880000000000000393e-02,-2.297030956350050701e+01
8.300000000000000000e+08,-7.910000000000000364e-02,-2.299793625667728492e+01
8.310000000000000000e+08,-9.049999999999999711e-02,-2.302556326196129532e+01
8.320000000000000000e+08,-9.009999999999999953e-02,-2.305319056651107346e+01
8.330000000000000000e+08,-8.949999999999999623e-02,-2.308081815748431609e+01
8.340000000000000000e+08,-9.080000000000000571e-02,-2.310844602203793841e+01
8.350000000000000000e+08,-9.909999999999999365e-02,-2.313607414732807754e+01
8.360000000000000000e+08,-9.130000000000000615e-02,-2.316370252051014234e+01
8.370000000000000000e+08,-8.699999999999999400e-02,-2.319133112873885594e+01
8.380000000000000000e+08,-9.389999999999999736e-02,-2.321896500008683617e+01
8.390000000000000000e+08,-9.859999999999999321e-02,-2.324661616768863936e+01
8.400000000000000000e+08,-8.379999999999999949e-02,-2.327426710108528951e+01
8.410000000000000000e+08,-9.020000000000000240e-02,-2.330191778739999720e+01
8.420000000000000000e+08,-1.100000000000000006e-01,-2.332956821375663736e+01
8.430000000000000000e+08,-9.360000000000000264e-02,-2.335721836727983103e+01
8.440000000000000000e+08,-1.019999999999999934e-01,-2.338486823509494883e+01
8.450000000000000000e+08,-7.530000000000000582e-02,-2.341251780432817498e+01
8.460000000000000000e+08,-9.600000000000000200e-02,-2.344016706210650725e+01
8.470000000000000000e+08,-9.249999999999999889e-02,-2.346781599555782805e+01
8.480000000000000000e+08,-7.580000000000000626e-02,-2.349546459181092573e+01
8.490000000000000000e+08,-8.190000000000000058e-02,-2.352311283799552299e+01
8.500000000000000000e+08,-7.649999999999999856e-02,-2.355076072124233377e+01
8.510000000000000000e+08,-1.010000000000000064e-01,-2.357862506033423600e+01
8.520000000000000000e+08,-7.409999999999999920e-02,-2.360657179667820316e+01
8.530000000000000000e+08,-8.540000000000000369e-02,-2.363451899526302213e+01
8.540000000000000000e+08,-7.710000000000000187e-02,-2.366246664280142653e+01
8.550000000000000000e+08,-9.819999999999999563e-02,-2.369041472600488518e+01
8.560000000000000000e+08,-9.579999999999999627e-02,-2.371836323158360216e+01
8.570000000000000000e+08,-8.849999999999999534e-02,-2.374631214624659847e+01
8.580000000000000000e+08,-1.019999999999999934e-01,-2.377426145670170143e+01
8.590000000000000000e+08,-9.959999999999999409e-02,-2.380221114965562990e+01
8.600000000000000000e+08,-1.000000000000000056e-01,-2.383016121181400138e+01
8.610000000000000000e+08,-9.180000000000000659e-02,-2.385811162988138179e+01
8.620000000000000000e+08,-1.100000000000000006e-01,-2.388606239056131031e+01
8.630000000000000000e+08,-1.069999999999999979e-01,-2.391393266291717268e+01
8.640000000000000000e+08,-1.039999999999999952e-01,-2.394152612986642836e+01
8.650000000000000000e+08,-9.969999999999999696e-02,-2.396911966987747178e+01
8.660000000000000000e+08,-9.729999999999999760e-02,-2.399671327015062516e+01
8.670000000000000000e+08,-9.679999999999999716e-02,-2.402430691788605444e+01
8.680000000000000000e+08,-9.610000000000000486e-02,-2.405190060028380117e+01
8.690000000000000000e+08,-1.010000000000000064e-01,-2.407949430454378970e+01
8.700000000000000000e+08,-9.539999999999999869e-02,-2.410708801786590172e+01
8.710000000000000000e+08,-9.529999999999999583e-02,-2.413468172744999407e+01
8.720000000000000000e+08,-9.650000000000000244e-02,-2.416227542049591293e+01
8.730000000000000000e+08,-8.619999999999999885e-02,-2.418986908420357906e+01
8.740000000000000000e+08,-9.049999999999999711e-02,-2.421746270577298077e+01
8.750000000000000000e+08,-8.089999999999999969e-02,-2.424505627240421290e+01
8.760000000000000000e+08,-8.260000000000000675e-02,-2.427263598197251682e+01
8.770000000000000000e+08,-7.430000000000000493e-02,-2.430021039517156112e+01
8.780000000000000000e+08,-8.000000000000000167e-02,-2.432778469404787103e+01
8.790000000000000000e+08,-9.829999999999999849e-02,-2.435535886582908205e+01
8.800000000000000000e+08,-8.089999999999999969e-02,-2.438293289774319206e+01
8.810000000000000000e+08,-9.239999999999999603e-02,-2.441050677701858262e+01
8.820000000000000000e+08,-9.229999999999999316e-02,-2.443808049088406520e+01
8.830000000000000000e+08,-9.859999999999999321e-02,-2.446565402656890242e+01
8.840000000000000000e+08,-8.759999999999999731e-02,-2.449322737130286143e+01
8.850000000000000000e+08,-9.710000000000000575e-02,-2.452080051231623159e+01
8.860000000000000000e+08,-1.089999999999999997e-01,-2.454837343683987427e+01
8.870000000000000000e+08,-1.110000000000000014e-01,-2.457594613210525125e+01
8.880000000000000000e+08,-9.690000000000000002e-02,-2.460355049108527581e+01
8.890000000000000000e+08,-9.669999999999999429e-02,-2.463126363303459598e+01
8.900000000000000000e+08,-1.049999999999999961e-01,-2.465897676326592247e+01
8.910000000000000000e+08,-1.270000000000000018e-01,-2.468668986881221983e+01
8.920000000000000000e+08,-1.120000000000000023e-01,-2.471440293670651656e+01
8.930000000000000000e+08,-1.059999999999999970e-01,-2.474211595398195129e+01
8.940000000000000000e+08,-1.110000000000000014e-01,-2.476982890767180479e+01
8.950000000000000000e+08,-1.100000000000000006e-01,-2.479754178480953897e+01
8.960000000000000000e+08,-1.219999999999999973e-01,-2.482525457242882183e+01
8.970000000000000000e+08,-1.069999999999999979e-01,-2.485296725756358072e+01
8.980000000000000000e+08,-1.089999999999999997e-01,-2.488067982724802718e+01
8.990000000000000000e+08,-1.199999999999999956e-01,-2.490839226851670318e+01
9.000000000000000000e+08,-1.110000000000000014e-01,-2.493610456840449530e+01
9.010000000000000000e+08,-1.250000000000000000e-01,-2.496373423770936029e+01
9.020000000000000000e+08,-1.140000000000000041e-01,-2.499133315204994332e+01
9.030000000000000000e+08,-1.130000000000000032e-01,-2.501893233035910313e+01
9.040000000000000000e+08,-1.049999999999999961e-01,-2.504653175983269975e+01
9.050000000000000000e+08,-1.079999999999999988e-01,-2.507413142766586489e+01
9.060000000000000000e+08,-1.029999999999999943e-01,-2.510173132105309790e+01
9.070000000000000000e+08,-1.100000000000000006e-01,-2.512933142718825508e+01
9.080000000000000000e+08,-1.079999999999999988e-01,-2.515693173326459586e+01
9.090000000000000000e+08,-1.079999999999999988e-01,-2.518453222647483614e+01
9.100000000000000000e+08,-1.110000000000000014e-01,-2.521213289401115887e+01
9.110000000000000000e+08,-1.110000000000000014e-01,-2.523973372306527096e+01
9.120000000000000000e+08,-1.160000000000000059e-01,-2.526733470082842103e+01
9.130000000000000000e+08,-1.120000000000000023e-01,-2.529496147484843149e+01
9.140000000000000000e+08,-1.209999999999999964e-01,-2.532267548410951719e+01
9.150000000000000000e+08,-1.110000000000000014e-01,-2.535038946946148286e+01
9.160000000000000000e+08,-1.069999999999999979e-01,-2.537810341793611002e+01
9.170000000000000000e+08,-1.130000000000000032e-01,-2.540581731656531161e+01
9.180000000000000000e+08,-1.069999999999999979e-01,-2.543353115238111428e+01
9.190000000000000000e+08,-1.130000000000000032e-01,-2.546124491241574361e+01
9.200000000000000000e+08,-1.160000000000000059e-01,-2.548895858370161349e+01
9.210000000000000000e+08,-1.059999999999999970e-01,-2.551667215327141136e+01
9.220000000000000000e+08,-1.170000000000000068e-01,-2.554438560815809822e+01
9.230000000000000000e+08,-1.260000000000000009e-01,-2.557209893539494772e+01
9.240000000000000000e+08,-1.300000000000000044e-01,-2.559981212201561718e+01
9.250000000000000000e+08,-1.360000000000000098e-01,-2.562752515505412987e+01
9.260000000000000000e+08,-1.290000000000000036e-01,-2.565568229683905344e+01
9.270000000000000000e+08,-1.330000000000000071e-01,-2.568400576770789812e+01
9.280000000000000000e+08,-1.330000000000000071e-01,-2.571232939950565211e+01
9.290000000000000000e+08,-1.170000000000000068e-01,-2.574065317839052369e+01
9.300000000000000000e+08,-1.130000000000000032e-01,-2.576897709052029484e+01
9.310000000000000000e+08,-1.260000000000000009e-01,-2.579730112205237802e+01
9.320000000000000000e+08,-1.140000000000000041e-01,-2.582562525914380558e+01
9.330000000000000000e+08,-1.079999999999999988e-01,-2.585394948795131853e+01
9.340000000000000000e+08,-1.089999999999999997e-01,-2.588227379463138433e+01
9.350000000000000000e+08,-1.199999999999999956e-01,-2.591059816534024307e+01
9.360000000000000000e+08,-1.170000000000000068e-01,-2.593892258623393587e+01
9.370000000000000000e+08,-1.120000000000000023e-01,-2.596724704346838664e+01
9.380000000000000000e+08,-1.069999999999999979e-01,-2.599541672525889879e+01
9.390000000000000000e+08,-1.170000000000000068e-01,-2.602306280504932090e+01
9.400000000000000000e+08,-1.199999999999999956e-01,-2.605070913722098425e+01
9.410000000000000000e+08,-1.140000000000000041e-01,-2.607835570890364352e+01
9.420000000000000000e+08,-1.120000000000000023e-01,-2.610600250722639970e+01
9.430000000000000000e+08,-1.140000000000000041e-01,-2.613364951931771785e+01
9.440000000000000000e+08,-1.229999999999999982e-01,-2.616129673230546615e+01
9.450000000000000000e+08,-1.130000000000000032e-01,-2.618894413331694437e+01
9.460000000000000000e+08,-1.100000000000000006e-01,-2.621659170947893713e+01
9.470000000000000000e+08,-1.150000000000000050e-01,-2.624423944791773522e+01
9.480000000000000000e+08,-1.160000000000000059e-01,-2.627188733575917112e+01
9.490000000000000000e+08,-1.110000000000000014e-01,-2.629953536012867232e+01
9.500000000000000000e+08,-1.120000000000000023e-01,-2.632718350815126840e+01
9.510000000000000000e+08,-1.170000000000000068e-01,-2.635494862467528421e+01
9.520000000000000000e+08,-1.150000000000000050e-01,-2.638275736949936956e+01
9.530000000000000000e+08,-1.100000000000000006e-01,-2.641056617535652506e+01
9.540000000000000000e+08,-1.140000000000000041e-01,-2.643837502914508519e+01
9.550000000000000000e+08,-1.120000000000000023e-01,-2.646618391776326362e+01
9.560000000000000000e+08,-1.100000000000000006e-01,-2.649399282810915679e+01
9.570000000000000000e+08,-1.170000000000000068e-01,-2.652180174708081140e+01
9.580000000000000000e+08,-1.179999999999999938e-01,-2.654961066157624927e+01
9.590000000000000000e+08,-1.130000000000000032e-01,-2.657741955849351001e+01
9.600000000000000000e+08,-1.170000000000000068e-01,-2.660522842473067229e+01
9.610000000000000000e+08,-1.189999999999999947e-01,-2.663303724718590004e+01
9.620000000000000000e+08,-1.160000000000000059e-01,-2.666084601275748867e+01
9.630000000000000000e+08,-1.209999999999999964e-01,-2.668860668039985384e+01
9.640000000000000000e+08,-1.300000000000000044e-01,-2.671620557267877771e+01
9.650000000000000000e+08,-1.250000000000000000e-01,-2.674380456971827869e+01
9.660000000000000000e+08,-1.290000000000000036e-01,-2.677140365871138172e+01
9.670000000000000000e+08,-1.270000000000000018e-01,-2.679900282685084534e+01
9.680000000000000000e+08,-1.300000000000000044e-01,-2.682660206132922198e+01
9.690000000000000000e+08,-1.270000000000000018e-01,-2.685420134933886160e+01
9.700000000000000000e+08,-1.280000000000000027e-01,-2.688180067807198625e+01
9.710000000000000000e+08,-1.419999999999999873e-01,-2.690940003472068298e+01
9.720000000000000000e+08,-1.390000000000000124e-01,-2.693699940647698909e+01
9.730000000000000000e+08,-1.340000000000000080e-01,-2.696459878053286729e+01
9.740000000000000000e+08,-1.290000000000000036e-01,-2.699219814408029450e+01
9.750000000000000000e+08,-1.270000000000000018e-01,-2.701979748431127248e+01
9.760000000000000000e+08,-1.370000000000000107e-01,-2.704733193579575001e+01
9.770000000000000000e+08,-1.209999999999999964e-01,-2.707484235151042995e+01
9.780000000000000000e+08,-1.280000000000000027e-01,-2.710235281097908100e+01
9.790000000000000000e+08,-1.280000000000000027e-01,-2.712986330151714398e+01
9.800000000000000000e+08,-1.310000000000000053e-01,-2.715737381043997090e+01
9.810000000000000000e+08,-1.260000000000000009e-01,-2.718488432506285690e+01
9.820000000000000000e+08,-1.219999999999999973e-01,-2.721239483270108650e+01
9.830000000000000000e+08,-1.250000000000000000e-01,-2.723990532066996906e+01
9.840000000000000000e+08,-1.270000000000000018e-01,-2.726741577628485658e+01
9.850000000000000000e+08,-1.270000000000000018e-01,-2.729492618686119343e+01
9.860000000000000000e+08,-1.229999999999999982e-01,-2.732243653971455899e+01
9.870000000000000000e+08,-1.260000000000000009e-01,-2.734994682216067829e+01
9.880000000000000000e+08,-1.290000000000000036e-01,-2.737759908719450408e+01
9.890000000000000000e+08,-1.260000000000000009e-01,-2.740572796794920052e+01
9.900000000000000000e+08,-1.270000000000000018e-01,-2.743385688855544657e+01
9.910000000000000000e+08,-1.310000000000000053e-01,-2.746198583545379890e+01
9.920000000000000000e+08,-1.330000000000000071e-01,-2.749011479508473954e+01
9.930000000000000000e+08,-1.330000000000000071e-01,-2.751824375388869726e+01
9.940000000000000000e+08,-1.380000000000000115e-01,-2.754637269830613278e+01
9.950000000000000000e+08,-1.419999999999999873e-01,-2.757450161477751749e+01
9.960000000000000000e+08,-1.469999999999999918e-01,-2.760263048974343292e+01
9.970000000000000000e+08,-1.449999999999999900e-01,-2.763075930964454940e+01
9.980000000000000000e+08,-1.559999999999999998e-01,-2.765888806092172203e+01
9.990000000000000000e+08,-1.509999999999999953e-01,-2.768701673001599062e+01
1.000000000000000000e+09,-1.570000000000000007e-01,-2.771514530336864013e+01
1.001000000000000000e+09,-1.580000000000000016e-01,-2.774293161262063023e+01
1.002000000000000000e+09,-1.580000000000000016e-01,-2.777059190840559566e+01
1.003000000000000000e+09,-1.660000000000000087e-01,-2.779825283117012802e+01
1.004000000000000000e+09,-1.580000000000000016e-01,-2.782591436804120022e+01
1.005000000000000000e+09,-1.499999999999999944e-01,-2.785357650614406211e+01
1.006000000000000000e+09,-1.439999999999999891e-01,-2.788123923260229020e+01
1.007000000000000000e+09,-1.459999999999999909e-01,-2.790890253453781966e+01
1.008000000000000000e+09,-1.449999999999999900e-01,-2.793656639907097627e+01
1.009000000000000000e+09,-1.400000000000000133e-01,-2.796423081332049065e+01
1.010000000000000000e+09,-1.270000000000000018e-01,-2.799189576440359062e+01
1.011000000000000000e+09,-1.229999999999999982e-01,-2.801956123943597987e+01
1.012000000000000000e+09,-1.449999999999999900e-01,-2.804722722553190550e+01
1.013000000000000000e+09,-1.400000000000000133e-01,-2.807490384841225861e+01
1.014000000000000000e+09,-1.270000000000000018e-01,-2.810261453541189169e+01
1.015000000000000000e+09,-1.409999999999999865e-01,-2.813032522057244833e+01
1.016000000000000000e+09,-1.449999999999999900e-01,-2.815803589093031079e+01
1.017000000000000000e+09,-1.390000000000000124e-01,-2.818574653352190040e+01
1.018000000000000000e+09,-1.250000000000000000e-01,-2.821345713538371669e+01
1.019000000000000000e+09,-1.280000000000000027e-01,-2.824116768355237284e+01
1.020000000000000000e+09,-1.380000000000000115e-01,-2.826887816506463480e+01
1.021000000000000000e+09,-1.370000000000000107e-01,-2.829658856695745328e+01
1.022000000000000000e+09,-1.250000000000000000e-01,-2.832429887626800635e+01
1.023000000000000000e+09,-1.260000000000000009e-01,-2.835200908003372788e+01
1.024000000000000000e+09,-1.280000000000000027e-01,-2.837971916529235372e+01
1.025000000000000000e+09,-1.310000000000000053e-01,-2.840742911908194301e+01
1.026000000000000000e+09,-1.409999999999999865e-01,-2.843509325445328528e+01
1.027000000000000000e+09,-1.330000000000000071e-01,-2.846274080766715997e+01
1.028000000000000000e+09,-1.380000000000000115e-01,-2.849038865761959727e+01
1.029000000000000000e+09,-1.380000000000000115e-01,-2.851803679143953119e+01
1.030000000000000000e+09,-1.380000000000000115e-01,-2.854568519625510703e+01
1.031000000000000000e+09,-1.330000000000000071e-01,-2.857333385919371693e+01
1.032000000000000000e+09,-1.320000000000000062e-01,-2.860098276738201406e+01
1.033000000000000000e+09,-1.260000000000000009e-01,-2.862863190794598722e+01
1.034000000000000000e+09,-1.250000000000000000e-01,-2.865628126801096087e+01
1.035000000000000000e+09,-1.219999999999999973e-01,-2.868393083470166260e+01
1.036000000000000000e+09,-1.219999999999999973e-01,-2.871158059514221250e+01
1.037000000000000000e+09,-1.150000000000000050e-01,-2.873923053645622261e+01
1.038000000000000000e+09,-1.140000000000000041e-01,-2.876686876270074578e+01
1.039000000000000000e+09,-1.150000000000000050e-01,-2.879446751625048861e+01
1.040000000000000000e+09,-1.189999999999999947e-01,-2.882206625474686135e+01
1.041000000000000000e+09,-1.179999999999999938e-01,-2.884966496538274683e+01
1.042000000000000000e+09,-1.079999999999999988e-01,-2.887726363535109186e+01
1.043000000000000000e+09,-1.160000000000000059e-01,-2.890486225184498892e+01
1.044000000000000000e+09,-1.189999999999999947e-01,-2.893246080205764414e+01
1.045000000000000000e+09,-1.219999999999999973e-01,-2.896005927318246975e+01
1.046000000000000000e+09,-1.079999999999999988e-01,-2.898765765241308756e+01
1.047000000000000000e+09,-1.199999999999999956e-01,-2.901525592694337874e+01
1.048000000000000000e+09,-1.310000000000000053e-01,-2.904285408396752288e+01
1.049000000000000000e+09,-1.219999999999999973e-01,-2.907045211068000512e+01
1.050000000000000000e+09,-1.160000000000000059e-01,-2.909804999427569783e+01
1.051000000000000000e+09,-1.189999999999999947e-01,-2.912556690007700055e+01
1.052000000000000000e+09,-1.469999999999999918e-01,-2.915305451160701722e+01
1.053000000000000000e+09,-1.350000000000000089e-01,-2.918054256600656515e+01
1.054000000000000000e+09,-1.340000000000000080e-01,-2.920803105063236060e+01
1.055000000000000000e+09,-1.380000000000000115e-01,-2.923551995283994742e+01
1.056000000000000000e+09,-1.449999999999999900e-01,-2.926300925998370062e+01
1.057000000000000000e+09,-1.400000000000000133e-01,-2.929049895941690451e+01
1.058000000000000000e+09,-1.300000000000000044e-01,-2.931798903849172433e+01
1.059000000000000000e+09,-1.250000000000000000e-01,-2.934547948455929856e+01
1.060000000000000000e+09,-1.429999999999999882e-01,-2.937297028496976026e+01
1.061000000000000000e+09,-1.419999999999999873e-01,-2.940046142707224419e+01
1.062000000000000000e+09,-1.400000000000000133e-01,-2.942795289821495430e+01
1.063000000000000000e+09,-1.330000000000000071e-01,-2.945550223168801551e+01
1.064000000000000000e+09,-1.310000000000000053e-01,-2.948324193771417967e+01
1.065000000000000000e+09,-1.290000000000000036e-01,-2.951098102245184052e+01
1.066000000000000000e+09,-1.300000000000000044e-01,-2.953871947291879962e+01
1.067000000000000000e+09,-1.290000000000000036e-01,-2.956645727613461005e+01
1.068000000000000000e+09,-1.250000000000000000e-01,-2.959419441912067583e+01
1.069000000000000000e+09,-1.340000000000000080e-01,-2.962193088890023773e+01
1.070000000000000000e+09,-1.260000000000000009e-01,-2.964966667249845145e+01
1.071000000000000000e+09,-1.239999999999999991e-01,-2.967740175694236626e+01
1.072000000000000000e+09,-1.340000000000000080e-01,-2.970513612926102454e+01
1.073000000000000000e+09,-1.360000000000000098e-01,-2.973286977648545104e+01
1.074000000000000000e+09,-1.370000000000000107e-01,-2.976060268564873112e+01
1.075000000000000000e+09,-1.489999999999999936e-01,-2.978833484378600005e+01
1.076000000000000000e+09,-1.409999999999999865e-01,-2.981632586009673602e+01
1.077000000000000000e+09,-1.429999999999999882e-01,-2.984441171736623843e+01
1.078000000000000000e+09,-1.459999999999999909e-01,-2.987249757635848013e+01
1.079000000000000000e+09,-1.380000000000000115e-01,-2.990058342357614052e+01
1.080000000000000000e+09,-1.479999999999999927e-01,-2.992866924552191321e+01
1.081000000000000000e+09,-1.509999999999999953e-01,-2.995675502869859130e+01
1.082000000000000000e+09,-1.439999999999999891e-01,-2.998484075960907091e+01
1.083000000000000000e+09,-1.429999999999999882e-01,-3.001292642475639383e+01
1.084000000000000000e+09,-1.570000000000000007e-01,-3.004101201064379012e+01
1.085000000000000000e+09,-1.489999999999999936e-01,-3.006909750377473145e+01
1.086000000000000000e+09,-1.469999999999999918e-01,-3.009718289065294172e+01
1.087000000000000000e+09,-1.459999999999999909e-01,-3.012526815778246458e+01
1.088000000000000000e+09,-1.439999999999999891e-01,-3.015332887596886025e+01
1.089000000000000000e+09,-1.409999999999999865e-01,-3.018130918167425847e+01
1.090000000000000000e+09,-1.439999999999999891e-01,-3.020928977490481415e+01
1.091000000000000000e+09,-1.280000000000000027e-01,-3.023727064231861661e+01
1.092000000000000000e+09,-1.439999999999999891e-01,-3.026525177057299487e+01
1.093000000000000000e+09,-1.519999999999999962e-01,-3.029323314632450703e+01
1.094000000000000000e+09,-1.439999999999999891e-01,-3.032121475622901130e+01
1.095000000000000000e+09,-1.250000000000000000e-01,-3.034919658694169442e+01
1.096000000000000000e+09,-1.290000000000000036e-01,-3.037717862511711786e+01
1.097000000000000000e+09,-1.370000000000000107e-01,-3.040516085740924979e+01
1.098000000000000000e+09,-1.320000000000000062e-01,-3.043314327047149703e+01
1.099000000000000000e+09,-1.290000000000000036e-01,-3.046112585095674063e+01
1.100000000000000000e+09,-1.280000000000000027e-01,-3.048910858551739622e+01
1.101000000000000000e+09,-1.209999999999999964e-01,-3.051705859542968113e+01
1.102000000000000000e+09,-1.300000000000000044e-01,-3.054499674947209442e+01
1.103000000000000000e+09,-1.229999999999999982e-01,-3.057293500395864783e+01
1.104000000000000000e+09,-1.260000000000000009e-01,-3.060087334560418881e+01
1.105000000000000000e+09,-1.239999999999999991e-01,-3.062881176112329129e+01
1.106000000000000000e+09,-1.290000000000000036e-01,-3.065675023723033377e+01
1.107000000000000000e+09,-1.370000000000000107e-01,-3.068468876063952422e+01
1.108000000000000000e+09,-1.449999999999999900e-01,-3.071262731806492496e+01
1.109000000000000000e+09,-1.499999999999999944e-01,-3.074056589622050595e+01
1.110000000000000000e+09,-1.469999999999999918e-01,-3.076850448182017672e+01
1.111000000000000000e+09,-1.419999999999999873e-01,-3.079644306157783262e+01
1.112000000000000000e+09,-1.449999999999999900e-01,-3.082438162220736899e+01
1.113000000000000000e+09,-1.390000000000000124e-01,-3.085223427937566854e+01
1.114000000000000000e+09,-1.419999999999999873e-01,-3.087980501621562368e+01
1.115000000000000000e+09,-1.499999999999999944e-01,-3.090737603075816864e+01
1.116000000000000000e+09,-1.539999999999999980e-01,-3.093494731023871935e+01
1.117000000000000000e+09,-1.549999999999999989e-01,-3.096251884189195636e+01
1.118000000000000000e+09,-1.590000000000000024e-01,-3.099009061295186029e+01
1.119000000000000000e+09,-1.580000000000000016e-01,-3.101766261065174390e+01
1.120000000000000000e+09,-1.580000000000000016e-01,-3.104523482222429820e+01
1.121000000000000000e+09,-1.660000000000000087e-01,-3.107280723490161378e+01
1.122000000000000000e+09,-1.529999999999999971e-01,-3.110037983591523059e+01
1.123000000000000000e+09,-1.449999999999999900e-01,-3.112795261249613432e+01
1.124000000000000000e+09,-1.489999999999999936e-01,-3.115552555187487727e+01
1.125000000000000000e+09,-1.519999999999999962e-01,-3.118309864128151077e+01
1.126000000000000000e+09,-1.479999999999999927e-01,-3.121062855601149266e+01
1.127000000000000000e+09,-1.570000000000000007e-01,-3.123814307813525204e+01
1.128000000000000000e+09,-1.509999999999999953e-01,-3.126565794180202218e+01
1.129000000000000000e+09,-1.570000000000000007e-01,-3.129317313432719061e+01
1.130000000000000000e+09,-1.479999999999999927e-01,-3.132068864302523536e+01
1.131000000000000000e+09,-1.400000000000000133e-01,-3.134820445520976406e+01
1.132000000000000000e+09,-1.350000000000000089e-01,-3.137572055819354588e+01
1.133000000000000000e+09,-1.469999999999999918e-01,-3.140323693928854709e+01
1.134000000000000000e+09,-1.370000000000000107e-01,-3.143075358580595946e+01
1.135000000000000000e+09,-1.429999999999999882e-01,-3.145827048505623580e+01
1.136000000000000000e+09,-1.449999999999999900e-01,-3.148578762434915035e+01
1.137000000000000000e+09,-1.529999999999999971e-01,-3.151330499099378457e+01
1.138000000000000000e+09,-1.390000000000000124e-01,-3.154093454183229284e+01
1.139000000000000000e+09,-1.409999999999999865e-01,-3.156893065457110126e+01
1.140000000000000000e+09,-1.409999999999999865e-01,-3.159692709004188416e+01
1.141000000000000000e+09,-1.409999999999999865e-01,-3.162492383488119430e+01
1.142000000000000000e+09,-1.509999999999999953e-01,-3.165292087572468560e+01
1.143000000000000000e+09,-1.559999999999999998e-01,-3.168091819920715224e+01
1.144000000000000000e+09,-1.509999999999999953e-01,-3.170891579196260324e+01
1.145000000000000000e+09,-1.580000000000000016e-01,-3.173691364062425535e+01
1.146000000000000000e+09,-1.549999999999999989e-01,-3.176491173182460415e+01
1.147000000000000000e+09,-1.559999999999999998e-01,-3.179291005219543464e+01
1.148000000000000000e+09,-1.590000000000000024e-01,-3.182090858836790659e+01
1.149000000000000000e+09,-1.600000000000000033e-01,-3.184890732697251181e+01
1.150000000000000000e+09,-1.600000000000000033e-01,-3.187690625463922345e+01
1.151000000000000000e+09,-1.640000000000000069e-01,-3.190451936398948263e+01
1.152000000000000000e+09,-1.570000000000000007e-01,-3.193199277652837509e+01
1.153000000000000000e+09,-1.670000000000000095e-01,-3.195946595387984246e+01
1.154000000000000000e+09,-1.680000000000000104e-01,-3.198693888341393432e+01
1.155000000000000000e+09,-1.630000000000000060e-01,-3.201441155250139303e+01
1.156000000000000000e+09,-1.650000000000000078e-01,-3.204188394851365018e+01
1.157000000000000000e+09,-1.620000000000000051e-01,-3.206935605882291185e+01
1.158000000000000000e+09,-1.660000000000000087e-01,-3.209682787080216571e+01
1.159000000000000000e+09,-1.640000000000000069e-01,-3.212429937182522366e+01
1.160000000000000000e+09,-1.570000000000000007e-01,-3.215177054926675737e+01
1.161000000000000000e+09,-1.559999999999999998e-01,-3.217924139050233379e+01
1.162000000000000000e+09,-1.570000000000000007e-01,-3.220671188290842935e+01
1.163000000000000000e+09,-1.570000000000000007e-01,-3.223422114280768369e+01
1.164000000000000000e+09,-1.529999999999999971e-01,-3.226185778183972275e+01
1.165000000000000000e+09,-1.590000000000000024e-01,-3.228949449945146455e+01
1.166000000000000000e+09,-1.570000000000000007e-01,-3.231713128278308744e+01
1.167000000000000000e+09,-1.519999999999999962e-01,-3.234476811897462767e+01
1.168000000000000000e+09,-1.529999999999999971e-01,-3.237240499516593673e+01
1.169000000000000000e+09,-1.429999999999999882e-01,-3.240004189849674532e+01
1.170000000000000000e+09,-1.590000000000000024e-01,-3.242767881610674863e+01
1.171000000000000000e+09,-1.429999999999999882e-01,-3.245531573513557788e+01
1.172000000000000000e+09,-1.509999999999999953e-01,-3.248295264272285721e+01
1.173000000000000000e+09,-1.620000000000000051e-01,-3.251058952600826757e+01
1.174000000000000000e+09,-1.570000000000000007e-01,-3.253822637213151125e+01
1.175000000000000000e+09,-1.469999999999999918e-01,-3.256586316823244687e+01
1.176000000000000000e+09,-1.529999999999999971e-01,-3.259346864977148783e+01
1.177000000000000000e+09,-1.650000000000000078e-01,-3.262106317571272029e+01
1.178000000000000000e+09,-1.590000000000000024e-01,-3.264865804336547228e+01
1.179000000000000000e+09,-1.590000000000000024e-01,-3.267625323993409836e+01
1.180000000000000000e+09,-1.600000000000000033e-01,-3.270384875262204361e+01
1.181000000000000000e+09,-1.620000000000000051e-01,-3.273144456863186491e+01
1.182000000000000000e+09,-1.759999999999999898e-01,-3.275904067516528784e+01
1.183000000000000000e+09,-1.710000000000000131e-01,-3.278663705942319950e+01
1.184000000000000000e+09,-1.690000000000000113e-01,-3.281423370860575517e+01
1.185000000000000000e+09,-1.729999999999999871e-01,-3.284183060991234271e+01
1.186000000000000000e+09,-1.719999999999999862e-01,-3.286942775054165367e+01
1.187000000000000000e+09,-1.680000000000000104e-01,-3.289702511769171878e+01
1.188000000000000000e+09,-1.670000000000000095e-01,-3.292468293370025378e+01
1.189000000000000000e+09,-1.640000000000000069e-01,-3.295253629762358116e+01
1.190000000000000000e+09,-1.680000000000000104e-01,-3.298038975597494016e+01
1.191000000000000000e+09,-1.660000000000000087e-01,-3.300824329558974313e+01
1.192000000000000000e+09,-1.539999999999999980e-01,-3.303609690330311821e+01
1.193000000000000000e+09,-1.590000000000000024e-01,-3.306395056595003012e+01
1.194000000000000000e+09,-1.640000000000000069e-01,-3.309180427036528727e+01
1.195000000000000000e+09,-1.549999999999999989e-01,-3.311965800338357013e+01
1.196000000000000000e+09,-1.660000000000000087e-01,-3.314751175183947396e+01
1.197000000000000000e+09,-1.620000000000000051e-01,-3.317536550256757266e+01
1.198000000000000000e+09,-1.710000000000000131e-01,-3.320321924240240463e+01
1.199000000000000000e+09,-1.449999999999999900e-01,-3.323107295817856510e+01
1.200000000000000000e+09,-1.439999999999999891e-01,-3.325892663673069194e+01
1.201000000000000000e+09,-1.419999999999999873e-01,-3.328663654045639220e+01
1.202000000000000000e+09,-1.360000000000000098e-01,-3.331429481834634743e+01
1.203000000000000000e+09,-1.439999999999999891e-01,-3.334195300945606277e+01
1.204000000000000000e+09,-1.539999999999999980e-01,-3.336961110089590221e+01
1.205000000000000000e+09,-1.719999999999999862e-01,-3.339726907977654946e+01
1.206000000000000000e+09,-1.789999999999999925e-01,-3.342492693320895825e+01
1.207000000000000000e+09,-1.769999999999999907e-01,-3.345258464830448730e+01
1.208000000000000000e+09,-1.660000000000000087e-01,-3.348024221217480800e+01
1.209000000000000000e+09,-1.749999999999999889e-01,-3.350789961193208910e+01
1.210000000000000000e+09,-1.700000000000000122e-01,-3.353555683468891147e+01
1.211000000000000000e+09,-1.690000000000000113e-01,-3.356321386755836045e+01
1.212000000000000000e+09,-1.700000000000000122e-01,-3.359087069765407563e+01
1.213000000000000000e+09,-1.809999999999999942e-01,-3.361860121940335233e+01
1.214000000000000000e+09,-1.719999999999999862e-01,-3.364657033234946226e+01
1.215000000000000000e+09,-1.710000000000000131e-01,-3.367453929622643471e+01
1.216000000000000000e+09,-1.690000000000000113e-01,-3.370250809770607958e+01
1.217000000000000000e+09,-1.719999999999999862e-01,-3.373047672346066861e+01
1.218000000000000000e+09,-1.739999999999999880e-01,-3.375844516016296382e+01
1.219000000000000000e+09,-1.789999999999999925e-01,-3.378641339448628855e+01
1.220000000000000000e+09,-1.829999999999999960e-01,-3.381438141310452750e+01
1.221000000000000000e+09,-1.809999999999999942e-01,-3.384234920269217639e+01
1.222000000000000000e+09,-1.789999999999999925e-01,-3.387031674992442021e+01
1.223000000000000000e+09,-1.769999999999999907e-01,-3.389828404147710472e+01
1.224000000000000000e+09,-1.819999999999999951e-01,-3.392625106402680757e+01
1.225000000000000000e+09,-1.739999999999999880e-01,-3.395421780425089509e+01
1.226000000000000000e+09,-1.779999999999999916e-01,-3.398223038304923449e+01
1.227000000000000000e+09,-1.869999999999999996e-01,-3.401025965759728109e+01
1.228000000000000000e+09,-1.809999999999999942e-01,-3.403828920903397659e+01
1.229000000000000000e+09,-1.710000000000000131e-01,-3.406631902394692446e+01
1.230000000000000000e+09,-1.759999999999999898e-01,-3.409434908892296079e+01
1.231000000000000000e+09,-1.769999999999999907e-01,-3.412237939054819691e+01
1.232000000000000000e+09,-1.769999999999999907e-01,-3.415040991540810467e+01
1.233000000000000000e+09,-1.749999999999999889e-01,-3.417844065008745957e+01
1.234000000000000000e+09,-1.809999999999999942e-01,-3.420647158117047582e+01
1.235000000000000000e+09,-1.779999999999999916e-01,-3.423450269524078493e+01
1.236000000000000000e+09,-1.819999999999999951e-01,-3.426253397888149976e+01
1.237000000000000000e+09,-1.859999999999999987e-01,-3.429056541867523578e+01
1.238000000000000000e+09,-1.849999999999999978e-01,-3.431846766651116099e+01
1.239000000000000000e+09,-1.869999999999999996e-01,-3.434595392361443800e+01
1.240000000000000000e+09,-1.809999999999999942e-01,-3.437344025449046825e+01
1.241000000000000000e+09,-1.769999999999999907e-01,-3.440092664648818754e+01
1.242000000000000000e+09,-1.839999999999999969e-01,-3.442841308695639668e+01
1.243000000000000000e+09,-1.809999999999999942e-01,-3.445589956324372594e+01
1.244000000000000000e+09,-1.759999999999999898e-01,-3.448338606269875584e+01
1.245000000000000000e+09,-1.789999999999999925e-01,-3.451087257266995323e+01
1.246000000000000000e+09,-1.839999999999999969e-01,-3.453835908050579917e+01
1.247000000000000000e+09,-1.759999999999999898e-01,-3.456584557355474630e+01
1.248000000000000000e+09,-1.670000000000000095e-01,-3.459333203916530408e+01
1.249000000000000000e+09,-1.710000000000000131e-01,-3.462081846468606727e+01
1.250000000000000000e+09,-1.749999999999999889e-01,-3.464830483746570877e+01
