2.00E+07,-8.96E-03,0.00E+00
2.19E+07,-1.38E-02,0.00E+00
2.37E+07,5.78E-04,0.00E+00
2.56E+07,-3.63E-03,0.00E+00
2.75E+07,1.12E-02,0.00E+00
2.93E+07,1.28E-02,0.00E+00
3.12E+07,4.53E-03,0.00E+00
3.30E+07,6.81E-03,0.00E+00
3.49E+07,-3.80E-04,0.00E+00
3.68E+07,7.02E-03,0.00E+00
3.86E+07,4.47E-03,0.00E+00
4.05E+07,1.01E-02,0.00E+00
4.24E+07,-8.74E-03,0.00E+00
4.42E+07,-2.45E-03,0.00E+00
4.61E+07,4.03E-03,0.00E+00
4.79E+07,3.08E-03,0.00E+00
4.98E+07,-5.70E-03,0.00E+00
5.17E+07,-8.33E-03,0.00E+00
5.35E+07,-3.03E-03,0.00E+00
5.54E+07,1.78E-03,0.00E+00
5.73E+07,-2.05E-02,0.00E+00
5.91E+07,-2.10E-02,0.00E+00
6.10E+07,-1.05E-02,0.00E+00
6.28E+07,-5.12E-03,0.00E+00
6.47E+07,-1.26E-02,0.00E+00
6.66E+07,-1.43E-02,0.00E+00
6.84E+07,-1.18E-02,0.00E+00
7.03E+07,-1.41E-02,0.00E+00
7.22E+07,-1.90E-02,0.00E+00
7.40E+07,-2.19E-02,0.00E+00
7.59E+07,-1.87E-02,0.00E+00
7.77E+07,-2.24E-02,0.00E+00
7.96E+07,-2.26E-02,0.00E+00
8.15E+07,-2.65E-02,0.00E+00
8.33E+07,-2.49E-02,0.00E+00
8.52E+07,-2.51E-02,0.00E+00
8.71E+07,-2.68E-02,0.00E+00
8.89E+07,-2.87E-02,0.00E+00
9.08E+07,-2.94E-02,0.00E+00
9.26E+07,-1.98E-02,0.00E+00
9.45E+07,-2.66E-02,0.00E+00
9.64E+07,-3.12E-02,0.00E+00
9.82E+07,-3.93E-02,0.00E+00
1.00E+08,-2.64E-02,0.00E+00
1.02E+08,-2.21E-02,0.00E+00
1.04E+08,-2.83E-02,0.00E+00
1.06E+08,-1.70E-02,0.00E+00
1.08E+08,-1.63E-02,0.00E+00
1.09E+08,-3.30E-02,0.00E+00
1.11E+08,-4.29E-02,0.00E+00
1.13E+08,-3.19E-02,0.00E+00
1.15E+08,-1.89E-02,0.00E+00
1.17E+08,-4.46E-02,0.00E+00
1.19E+08,-4.62E-02,0.00E+00
1.21E+08,-5.69E-02,0.00E+00
1.22E+08,-3.78E-02,0.00E+00
1.24E+08,-4.98E-02,0.00E+00
1.26E+08,-5.08E-02,0.00E+00
1.28E+08,-5.74E-02,0.00E+00
1.30E+08,-4.88E-02,0.00E+00
1.32E+08,-5.56E-02,0.00E+00
1.34E+08,-6.27E-02,0.00E+00
1.35E+08,-6.13E-02,0.00E+00
1.37E+08,-5.95E-02,0.00E+00
1.39E+08,-4.59E-02,0.00E+00
1.41E+08,-5.34E-02,0.00E+00
1.43E+08,-5.91E-02,0.00E+00
1.45E+08,-4.28E-02,0.00E+00
1.47E+08,-4.57E-02,0.00E+00
1.49E+08,-5.19E-02,0.00E+00
1.50E+08,-4.53E-02,0.00E+00
1.52E+08,-4.99E-02,0.00E+00
1.54E+08,-5.70E-02,0.00E+00
1.56E+08,-5.22E-02,0.00E+00
1.58E+08,-5.40E-02,0.00E+00
1.60E+08,-5.47E-02,0.00E+00
1.62E+08,-5.59E-02,0.00E+00
1.63E+08,-6.22E-02,0.00E+00
1.65E+08,-5.68E-02,0.00E+00
1.67E+08,-5.54E-02,0.00E+00
1.69E+08,-5.70E-02,0.00E+00
1.71E+08,-5.65E-02,0.00E+00
1.73E+08,-5.15E-02,0.00E+00
1.75E+08,-5.46E-02,0.00E+00
1.76E+08,-5.34E-02,0.00E+00
1.78E+08,-5.00E-02,0.00E+00
1.80E+08,-5.81E-02,0.00E+00
1.82E+08,-6.53E-02,0.00E+00
1.84E+08,-7.00E-02,0.00E+00
1.86E+08,-6.95E-02,0.00E+00
1.88E+08,-7.74E-02,0.00E+00
1.89E+08,-6.25E-02,0.00E+00
1.91E+08,-6.20E-02,0.00E+00
1.93E+08,-6.95E-02,0.00E+00
1.95E+08,-6.89E-02,0.00E+00
1.97E+08,-6.80E-02,0.00E+00
1.99E+08,-7.37E-02,0.00E+00
2.01E+08,-6.64E-02,0.00E+00
2.03E+08,-7.28E-02,0.00E+00
2.04E+08,-6.08E-02,0.00E+00
2.06E+08,-5.44E-02,0.00E+00
2.08E+08,-5.58E-02,0.00E+00
2.10E+08,-7.08E-02,0.00E+00
2.12E+08,-5.64E-02,0.00E+00
2.14E+08,-5.65E-02,0.00E+00
2.16E+08,-6.28E-02,0.00E+00
2.17E+08,-6.66E-02,0.00E+00
2.19E+08,-6.41E-02,0.00E+00
2.21E+08,-7.24E-02,0.00E+00
2.23E+08,-7.84E-02,0.00E+00
2.25E+08,-7.75E-02,0.00E+00
2.27E+08,-8.35E-02,0.00E+00
2.29E+08,-8.14E-02,0.00E+00
2.30E+08,-8.83E-02,0.00E+00
2.32E+08,-8.02E-02,0.00E+00
2.34E+08,-8.65E-02,0.00E+00
2.36E+08,-9.25E-02,0.00E+00
2.38E+08,-8.99E-02,0.00E+00
2.40E+08,-9.44E-02,0.00E+00
2.42E+08,-8.74E-02,0.00E+00
2.44E+08,-9.15E-02,0.00E+00
2.45E+08,-9.14E-02,0.00E+00
2.47E+08,-8.96E-02,0.00E+00
2.49E+08,-8.24E-02,0.00E+00
2.51E+08,-8.51E-02,0.00E+00
2.53E+08,-8.04E-02,0.00E+00
2.55E+08,-7.80E-02,0.00E+00
2.57E+08,-7.66E-02,0.00E+00
2.58E+08,-7.47E-02,0.00E+00
2.60E+08,-7.93E-02,0.00E+00
2.62E+08,-8.63E-02,0.00E+00
2.64E+08,-8.67E-02,0.00E+00
2.66E+08,-7.56E-02,0.00E+00
2.68E+08,-7.70E-02,0.00E+00
2.70E+08,-9.35E-02,0.00E+00
2.71E+08,-7.92E-02,0.00E+00
2.73E+08,-8.44E-02,0.00E+00
2.75E+08,-1.00E-01,0.00E+00
2.77E+08,-9.05E-02,0.00E+00
2.79E+08,-9.81E-02,0.00E+00
2.81E+08,-8.67E-02,0.00E+00
2.83E+08,-9.84E-02,0.00E+00
2.84E+08,-1.01E-01,0.00E+00
2.86E+08,-1.03E-01,0.00E+00
2.88E+08,-1.12E-01,0.00E+00
2.90E+08,-9.83E-02,0.00E+00
2.92E+08,-1.07E-01,0.00E+00
2.94E+08,-1.10E-01,0.00E+00
2.96E+08,-1.05E-01,0.00E+00
2.98E+08,-1.08E-01,0.00E+00
2.99E+08,-1.10E-01,0.00E+00
3.01E+08,-1.12E-01,0.00E+00
3.03E+08,-1.05E-01,0.00E+00
3.05E+08,-1.05E-01,0.00E+00
3.07E+08,-1.04E-01,0.00E+00
3.09E+08,-1.03E-01,0.00E+00
3.11E+08,-9.74E-02,0.00E+00
3.12E+08,-9.78E-02,0.00E+00
3.14E+08,-9.80E-02,0.00E+00
3.16E+08,-9.50E-02,0.00E+00
3.18E+08,-9.86E-02,0.00E+00
3.20E+08,-9.25E-02,0.00E+00
3.22E+08,-1.05E-01,0.00E+00
3.24E+08,-9.50E-02,0.00E+00
3.25E+08,-9.23E-02,0.00E+00
3.27E+08,-9.10E-02,0.00E+00
3.29E+08,-1.03E-01,0.00E+00
3.31E+08,-1.03E-01,0.00E+00
3.33E+08,-1.06E-01,0.00E+00
3.35E+08,-1.03E-01,0.00E+00
3.37E+08,-1.03E-01,0.00E+00
3.38E+08,-9.13E-02,0.00E+00
3.40E+08,-9.24E-02,0.00E+00
3.42E+08,-9.01E-02,0.00E+00
3.44E+08,-1.06E-01,0.00E+00
3.46E+08,-9.39E-02,0.00E+00
3.48E+08,-9.35E-02,0.00E+00
3.50E+08,-9.93E-02,0.00E+00
3.52E+08,-1.00E-01,0.00E+00
3.53E+08,-9.75E-02,0.00E+00
3.55E+08,-1.08E-01,0.00E+00
3.57E+08,-1.01E-01,0.00E+00
3.59E+08,-1.08E-01,0.00E+00
3.61E+08,-1.09E-01,0.00E+00
3.63E+08,-1.05E-01,0.00E+00
3.65E+08,-1.06E-01,0.00E+00
3.66E+08,-1.06E-01,0.00E+00
3.68E+08,-1.09E-01,0.00E+00
3.70E+08,-1.07E-01,0.00E+00
3.72E+08,-1.01E-01,0.00E+00
3.74E+08,-1.01E-01,0.00E+00
3.76E+08,-1.08E-01,0.00E+00
3.78E+08,-1.12E-01,0.00E+00
3.79E+08,-1.07E-01,0.00E+00
3.81E+08,-1.12E-01,0.00E+00
3.83E+08,-1.06E-01,0.00E+00
3.85E+08,-1.08E-01,0.00E+00
3.87E+08,-1.12E-01,0.00E+00
3.89E+08,-1.11E-01,0.00E+00
3.91E+08,-1.03E-01,0.00E+00
3.93E+08,-1.14E-01,0.00E+00
3.94E+08,-1.07E-01,0.00E+00
3.96E+08,-1.14E-01,0.00E+00
3.98E+08,-1.22E-01,0.00E+00
4.00E+08,-1.13E-01,0.00E+00
4.02E+08,-9.92E-02,0.00E+00
4.04E+08,-1.15E-01,0.00E+00
4.06E+08,-1.17E-01,0.00E+00
4.07E+08,-1.18E-01,0.00E+00
4.09E+08,-1.03E-01,0.00E+00
4.11E+08,-9.39E-02,0.00E+00
4.13E+08,-1.16E-01,0.00E+00
4.15E+08,-1.11E-01,0.00E+00
4.17E+08,-1.01E-01,0.00E+00
4.19E+08,-1.13E-01,0.00E+00
4.20E+08,-1.04E-01,0.00E+00
4.22E+08,-1.13E-01,0.00E+00
4.24E+08,-1.03E-01,0.00E+00
4.26E+08,-9.73E-02,0.00E+00
4.28E+08,-1.07E-01,0.00E+00
4.30E+08,-9.28E-02,0.00E+00
4.32E+08,-1.02E-01,0.00E+00
4.33E+08,-9.91E-02,0.00E+00
4.35E+08,-9.60E-02,0.00E+00
4.37E+08,-1.07E-01,0.00E+00
4.39E+08,-1.05E-01,0.00E+00
4.41E+08,-1.04E-01,0.00E+00
4.43E+08,-1.03E-01,0.00E+00
4.45E+08,-1.16E-01,0.00E+00
4.47E+08,-1.16E-01,0.00E+00
4.48E+08,-1.13E-01,0.00E+00
4.50E+08,-1.10E-01,0.00E+00
4.52E+08,-1.09E-01,0.00E+00
4.54E+08,-1.10E-01,0.00E+00
4.56E+08,-1.04E-01,0.00E+00
4.58E+08,-1.05E-01,0.00E+00
4.60E+08,-1.01E-01,0.00E+00
4.61E+08,-9.23E-02,0.00E+00
4.63E+08,-9.79E-02,0.00E+00
4.65E+08,-9.80E-02,0.00E+00
4.67E+08,-9.28E-02,0.00E+00
4.69E+08,-9.02E-02,0.00E+00
4.71E+08,-9.66E-02,0.00E+00
4.73E+08,-1.08E-01,0.00E+00
4.74E+08,-1.03E-01,0.00E+00
4.76E+08,-9.09E-02,0.00E+00
4.78E+08,-1.08E-01,0.00E+00
4.80E+08,-9.87E-02,0.00E+00
4.82E+08,-1.03E-01,0.00E+00
4.84E+08,-1.03E-01,0.00E+00
4.86E+08,-9.71E-02,0.00E+00
4.87E+08,-1.14E-01,0.00E+00
4.89E+08,-1.01E-01,0.00E+00
4.91E+08,-9.63E-02,0.00E+00
4.93E+08,-9.22E-02,0.00E+00
4.95E+08,-9.83E-02,0.00E+00
4.97E+08,-9.35E-02,0.00E+00
4.99E+08,-1.01E-01,0.00E+00
5.01E+08,-1.18E-01,0.00E+00
5.02E+08,-1.02E-01,0.00E+00
5.04E+08,-9.67E-02,0.00E+00
5.06E+08,-1.02E-01,0.00E+00
5.08E+08,-1.06E-01,0.00E+00
5.10E+08,-1.08E-01,0.00E+00
5.12E+08,-1.04E-01,0.00E+00
5.14E+08,-1.01E-01,0.00E+00
5.15E+08,-1.11E-01,0.00E+00
5.17E+08,-1.06E-01,0.00E+00
5.19E+08,-1.07E-01,0.00E+00
5.21E+08,-1.04E-01,0.00E+00
5.23E+08,-1.05E-01,0.00E+00
5.25E+08,-1.11E-01,0.00E+00
5.27E+08,-1.04E-01,0.00E+00
5.28E+08,-1.11E-01,0.00E+00
5.30E+08,-1.11E-01,0.00E+00
5.32E+08,-1.12E-01,0.00E+00
5.34E+08,-1.10E-01,0.00E+00
5.36E+08,-1.13E-01,0.00E+00
5.38E+08,-1.12E-01,0.00E+00
5.40E+08,-1.18E-01,0.00E+00
5.42E+08,-1.13E-01,0.00E+00
5.43E+08,-1.02E-01,0.00E+00
5.45E+08,-1.06E-01,0.00E+00
5.47E+08,-9.98E-02,0.00E+00
5.49E+08,-9.39E-02,0.00E+00
5.51E+08,-8.43E-02,0.00E+00
5.53E+08,-1.00E-01,0.00E+00
5.55E+08,-1.09E-01,0.00E+00
5.56E+08,-9.41E-02,0.00E+00
5.58E+08,-1.01E-01,0.00E+00
5.60E+08,-1.01E-01,0.00E+00
5.62E+08,-1.09E-01,0.00E+00
5.64E+08,-1.09E-01,0.00E+00
5.66E+08,-8.16E-02,0.00E+00
5.68E+08,-1.06E-01,0.00E+00
5.69E+08,-1.02E-01,0.00E+00
5.71E+08,-1.03E-01,0.00E+00
5.73E+08,-9.95E-02,0.00E+00
5.75E+08,-1.11E-01,0.00E+00
5.77E+08,-1.10E-01,0.00E+00
5.79E+08,-1.07E-01,0.00E+00
5.81E+08,-9.96E-02,0.00E+00
5.82E+08,-1.11E-01,0.00E+00
5.84E+08,-1.06E-01,0.00E+00
5.86E+08,-1.15E-01,0.00E+00
5.88E+08,-1.03E-01,0.00E+00
5.90E+08,-1.05E-01,0.00E+00
5.92E+08,-1.07E-01,0.00E+00
5.94E+08,-1.03E-01,0.00E+00
5.96E+08,-1.09E-01,0.00E+00
5.97E+08,-9.57E-02,0.00E+00
5.99E+08,-9.42E-02,0.00E+00
6.01E+08,-9.21E-02,0.00E+00
6.03E+08,-9.53E-02,0.00E+00
6.05E+08,-9.31E-02,0.00E+00
6.07E+08,-9.99E-02,0.00E+00
6.09E+08,-9.91E-02,0.00E+00
6.10E+08,-9.91E-02,0.00E+00
6.12E+08,-1.03E-01,0.00E+00
6.14E+08,-1.07E-01,0.00E+00
6.16E+08,-1.02E-01,0.00E+00
6.18E+08,-1.11E-01,0.00E+00
6.20E+08,-1.13E-01,0.00E+00
6.22E+08,-1.07E-01,0.00E+00
6.23E+08,-1.09E-01,0.00E+00
6.25E+08,-1.15E-01,0.00E+00
6.27E+08,-1.10E-01,0.00E+00
6.29E+08,-1.28E-01,0.00E+00
6.31E+08,-1.23E-01,0.00E+00
6.33E+08,-1.10E-01,0.00E+00
6.35E+08,-1.24E-01,0.00E+00
6.36E+08,-1.30E-01,0.00E+00
6.38E+08,-1.13E-01,0.00E+00
6.40E+08,-1.08E-01,0.00E+00
6.42E+08,-1.11E-01,0.00E+00
6.44E+08,-1.22E-01,0.00E+00
6.46E+08,-1.19E-01,0.00E+00
6.48E+08,-1.16E-01,0.00E+00
6.50E+08,-1.15E-01,0.00E+00
6.51E+08,-1.21E-01,0.00E+00
6.53E+08,-1.26E-01,0.00E+00
6.55E+08,-1.11E-01,0.00E+00
6.57E+08,-1.14E-01,0.00E+00
6.59E+08,-1.22E-01,0.00E+00
6.61E+08,-1.13E-01,0.00E+00
6.63E+08,-1.19E-01,0.00E+00
6.64E+08,-1.21E-01,0.00E+00
6.66E+08,-1.17E-01,0.00E+00
6.68E+08,-1.16E-01,0.00E+00
6.70E+08,-1.23E-01,0.00E+00
6.72E+08,-1.20E-01,0.00E+00
6.74E+08,-1.20E-01,0.00E+00
6.76E+08,-1.26E-01,0.00E+00
6.77E+08,-1.27E-01,0.00E+00
6.79E+08,-1.29E-01,0.00E+00
6.81E+08,-1.26E-01,0.00E+00
6.83E+08,-1.25E-01,0.00E+00
6.85E+08,-1.21E-01,0.00E+00
6.87E+08,-1.34E-01,0.00E+00
6.89E+08,-1.33E-01,0.00E+00
6.91E+08,-1.38E-01,0.00E+00
6.92E+08,-1.31E-01,0.00E+00
6.94E+08,-1.26E-01,0.00E+00
6.96E+08,-1.33E-01,0.00E+00
6.98E+08,-1.34E-01,0.00E+00
7.00E+08,-1.21E-01,0.00E+00
7.02E+08,-1.26E-01,0.00E+00
7.04E+08,-1.23E-01,0.00E+00
7.05E+08,-1.22E-01,0.00E+00
7.07E+08,-1.13E-01,0.00E+00
7.09E+08,-1.12E-01,0.00E+00
7.11E+08,-1.19E-01,0.00E+00
7.13E+08,-1.23E-01,0.00E+00
7.15E+08,-1.23E-01,0.00E+00
7.17E+08,-1.03E-01,0.00E+00
7.18E+08,-1.12E-01,0.00E+00
7.20E+08,-1.19E-01,0.00E+00
7.22E+08,-1.13E-01,0.00E+00
7.24E+08,-1.09E-01,0.00E+00
7.26E+08,-1.18E-01,0.00E+00
7.28E+08,-1.25E-01,0.00E+00
7.30E+08,-1.16E-01,0.00E+00
7.31E+08,-1.16E-01,0.00E+00
7.33E+08,-1.29E-01,0.00E+00
7.35E+08,-1.44E-01,0.00E+00
7.37E+08,-1.32E-01,0.00E+00
7.39E+08,-1.38E-01,0.00E+00
7.41E+08,-1.36E-01,0.00E+00
7.43E+08,-1.32E-01,0.00E+00
7.45E+08,-1.30E-01,0.00E+00
7.46E+08,-1.22E-01,0.00E+00
7.48E+08,-1.22E-01,0.00E+00
7.50E+08,-1.17E-01,0.00E+00
7.52E+08,-1.22E-01,0.00E+00
7.54E+08,-1.15E-01,0.00E+00
7.56E+08,-1.23E-01,0.00E+00
7.58E+08,-1.21E-01,0.00E+00
7.59E+08,-1.20E-01,0.00E+00
7.61E+08,-1.22E-01,0.00E+00
7.63E+08,-1.19E-01,0.00E+00
7.65E+08,-1.13E-01,0.00E+00
7.67E+08,-1.22E-01,0.00E+00
7.69E+08,-1.19E-01,0.00E+00
7.71E+08,-1.19E-01,0.00E+00
7.72E+08,-1.22E-01,0.00E+00
7.74E+08,-1.20E-01,0.00E+00
7.76E+08,-1.25E-01,0.00E+00
7.78E+08,-1.21E-01,0.00E+00
7.80E+08,-1.22E-01,0.00E+00
7.82E+08,-1.20E-01,0.00E+00
7.84E+08,-1.37E-01,0.00E+00
7.85E+08,-1.30E-01,0.00E+00
7.87E+08,-1.31E-01,0.00E+00
7.89E+08,-1.36E-01,0.00E+00
7.91E+08,-1.29E-01,0.00E+00
7.93E+08,-1.42E-01,0.00E+00
7.95E+08,-1.40E-01,0.00E+00
7.97E+08,-1.51E-01,0.00E+00
7.99E+08,-1.38E-01,0.00E+00
8.00E+08,-1.36E-01,0.00E+00
8.02E+08,-1.43E-01,0.00E+00
8.04E+08,-1.36E-01,0.00E+00
8.06E+08,-1.33E-01,0.00E+00
8.08E+08,-1.24E-01,0.00E+00
8.10E+08,-1.32E-01,0.00E+00
8.12E+08,-1.42E-01,0.00E+00
8.13E+08,-1.38E-01,0.00E+00
8.15E+08,-1.25E-01,0.00E+00
8.17E+08,-1.25E-01,0.00E+00
8.19E+08,-1.29E-01,0.00E+00
8.21E+08,-1.31E-01,0.00E+00
8.23E+08,-1.28E-01,0.00E+00
8.25E+08,-1.25E-01,0.00E+00
8.26E+08,-1.23E-01,0.00E+00
8.28E+08,-1.25E-01,0.00E+00
8.30E+08,-1.28E-01,0.00E+00
8.32E+08,-1.27E-01,0.00E+00
8.34E+08,-1.26E-01,0.00E+00
8.36E+08,-1.33E-01,0.00E+00
8.38E+08,-1.31E-01,0.00E+00
8.40E+08,-1.37E-01,0.00E+00
8.41E+08,-1.36E-01,0.00E+00
8.43E+08,-1.41E-01,0.00E+00
8.45E+08,-1.42E-01,0.00E+00
8.47E+08,-1.37E-01,0.00E+00
8.49E+08,-1.37E-01,0.00E+00
8.51E+08,-1.41E-01,0.00E+00
8.53E+08,-1.30E-01,0.00E+00
8.54E+08,-1.44E-01,0.00E+00
8.56E+08,-1.28E-01,0.00E+00
8.58E+08,-1.30E-01,0.00E+00
8.60E+08,-1.39E-01,0.00E+00
8.62E+08,-1.40E-01,0.00E+00
8.64E+08,-1.35E-01,0.00E+00
8.66E+08,-1.30E-01,0.00E+00
8.67E+08,-1.36E-01,0.00E+00
8.69E+08,-1.41E-01,0.00E+00
8.71E+08,-1.30E-01,0.00E+00
8.73E+08,-1.34E-01,0.00E+00
8.75E+08,-1.26E-01,0.00E+00
8.77E+08,-1.45E-01,0.00E+00
8.79E+08,-1.39E-01,0.00E+00
8.80E+08,-1.36E-01,0.00E+00
8.82E+08,-1.18E-01,0.00E+00
8.84E+08,-1.37E-01,0.00E+00
8.86E+08,-1.53E-01,0.00E+00
8.88E+08,-1.35E-01,0.00E+00
8.90E+08,-1.33E-01,0.00E+00
8.92E+08,-1.31E-01,0.00E+00
8.94E+08,-1.40E-01,0.00E+00
8.95E+08,-1.44E-01,0.00E+00
8.97E+08,-1.37E-01,0.00E+00
8.99E+08,-1.45E-01,0.00E+00
9.01E+08,-1.48E-01,0.00E+00
9.03E+08,-1.47E-01,0.00E+00
9.05E+08,-1.44E-01,0.00E+00
9.07E+08,-1.43E-01,0.00E+00
9.08E+08,-1.36E-01,0.00E+00
9.10E+08,-1.33E-01,0.00E+00
9.12E+08,-1.36E-01,0.00E+00
9.14E+08,-1.39E-01,0.00E+00
9.16E+08,-1.37E-01,0.00E+00
9.18E+08,-1.33E-01,0.00E+00
9.20E+08,-1.34E-01,0.00E+00
9.21E+08,-1.35E-01,0.00E+00
9.23E+08,-1.37E-01,0.00E+00
9.25E+08,-1.31E-01,0.00E+00
9.27E+08,-1.31E-01,0.00E+00
9.29E+08,-1.38E-01,0.00E+00
9.31E+08,-1.44E-01,0.00E+00
9.33E+08,-1.34E-01,0.00E+00
9.34E+08,-1.41E-01,0.00E+00
9.36E+08,-1.36E-01,0.00E+00
9.38E+08,-1.35E-01,0.00E+00
9.40E+08,-1.41E-01,0.00E+00
9.42E+08,-1.36E-01,0.00E+00
9.44E+08,-1.37E-01,0.00E+00
9.46E+08,-1.40E-01,0.00E+00
9.48E+08,-1.46E-01,0.00E+00
9.49E+08,-1.41E-01,0.00E+00
9.51E+08,-1.24E-01,0.00E+00
9.53E+08,-1.48E-01,0.00E+00
9.55E+08,-1.43E-01,0.00E+00
9.57E+08,-1.38E-01,0.00E+00
9.59E+08,-1.34E-01,0.00E+00
9.61E+08,-1.34E-01,0.00E+00
9.62E+08,-1.38E-01,0.00E+00
9.64E+08,-1.41E-01,0.00E+00
9.66E+08,-1.34E-01,0.00E+00
9.68E+08,-1.42E-01,0.00E+00
9.70E+08,-1.41E-01,0.00E+00
9.72E+08,-1.44E-01,0.00E+00
9.74E+08,-1.35E-01,0.00E+00
9.75E+08,-1.43E-01,0.00E+00
9.77E+08,-1.46E-01,0.00E+00
9.79E+08,-1.43E-01,0.00E+00
9.81E+08,-1.42E-01,0.00E+00
9.83E+08,-1.42E-01,0.00E+00
9.85E+08,-1.45E-01,0.00E+00
9.87E+08,-1.38E-01,0.00E+00
9.89E+08,-1.44E-01,0.00E+00
9.90E+08,-1.48E-01,0.00E+00
9.92E+08,-1.45E-01,0.00E+00
9.94E+08,-1.38E-01,0.00E+00
9.96E+08,-1.40E-01,0.00E+00
9.98E+08,-1.40E-01,0.00E+00
1.00E+09,-1.40E-01,0.00E+00
1.00E+09,-1.30E-01,0.00E+00
1.00E+09,-1.26E-01,0.00E+00
1.01E+09,-1.37E-01,0.00E+00
1.01E+09,-1.34E-01,0.00E+00
1.01E+09,-1.47E-01,0.00E+00
1.01E+09,-1.37E-01,0.00E+00
1.01E+09,-1.38E-01,0.00E+00
1.01E+09,-1.33E-01,0.00E+00
1.02E+09,-1.33E-01,0.00E+00
1.02E+09,-1.38E-01,0.00E+00
1.02E+09,-1.53E-01,0.00E+00
1.02E+09,-1.44E-01,0.00E+00
1.02E+09,-1.24E-01,0.00E+00
1.03E+09,-1.31E-01,0.00E+00
1.03E+09,-1.37E-01,0.00E+00
1.03E+09,-1.30E-01,0.00E+00
1.03E+09,-1.31E-01,0.00E+00
1.03E+09,-1.35E-01,0.00E+00
1.04E+09,-1.30E-01,0.00E+00
1.04E+09,-1.20E-01,0.00E+00
1.04E+09,-1.33E-01,0.00E+00
1.04E+09,-1.34E-01,0.00E+00
1.04E+09,-1.32E-01,0.00E+00
1.04E+09,-1.26E-01,0.00E+00
1.05E+09,-1.39E-01,0.00E+00
1.05E+09,-1.30E-01,0.00E+00
1.05E+09,-1.32E-01,0.00E+00
1.05E+09,-1.36E-01,0.00E+00
1.05E+09,-1.43E-01,0.00E+00
1.06E+09,-1.35E-01,0.00E+00
1.06E+09,-1.40E-01,0.00E+00
1.06E+09,-1.41E-01,0.00E+00
1.06E+09,-1.46E-01,0.00E+00
1.06E+09,-1.39E-01,0.00E+00
1.06E+09,-1.47E-01,0.00E+00
1.07E+09,-1.45E-01,0.00E+00
1.07E+09,-1.47E-01,0.00E+00
1.07E+09,-1.43E-01,0.00E+00
1.07E+09,-1.36E-01,0.00E+00
1.07E+09,-1.36E-01,0.00E+00
1.08E+09,-1.39E-01,0.00E+00
1.08E+09,-1.45E-01,0.00E+00
1.08E+09,-1.39E-01,0.00E+00
1.08E+09,-1.33E-01,0.00E+00
1.08E+09,-1.34E-01,0.00E+00
1.09E+09,-1.50E-01,0.00E+00
1.09E+09,-1.29E-01,0.00E+00
1.09E+09,-1.37E-01,0.00E+00
1.09E+09,-1.35E-01,0.00E+00
1.09E+09,-1.43E-01,0.00E+00
1.09E+09,-1.33E-01,0.00E+00
1.10E+09,-1.35E-01,0.00E+00
1.10E+09,-1.36E-01,0.00E+00
1.10E+09,-1.45E-01,0.00E+00
1.10E+09,-1.40E-01,0.00E+00
1.10E+09,-1.41E-01,0.00E+00
1.11E+09,-1.22E-01,0.00E+00
1.11E+09,-1.32E-01,0.00E+00
1.11E+09,-1.32E-01,0.00E+00
1.11E+09,-1.33E-01,0.00E+00
1.11E+09,-1.42E-01,0.00E+00
1.12E+09,-1.52E-01,0.00E+00
1.12E+09,-1.45E-01,0.00E+00
1.12E+09,-1.53E-01,0.00E+00
1.12E+09,-1.46E-01,0.00E+00
1.12E+09,-1.46E-01,0.00E+00
1.12E+09,-1.37E-01,0.00E+00
1.13E+09,-1.38E-01,0.00E+00
1.13E+09,-1.34E-01,0.00E+00
1.13E+09,-1.37E-01,0.00E+00
1.13E+09,-1.32E-01,0.00E+00
1.13E+09,-1.47E-01,0.00E+00
1.14E+09,-1.36E-01,0.00E+00
1.14E+09,-1.34E-01,0.00E+00
1.14E+09,-1.28E-01,0.00E+00
1.14E+09,-1.38E-01,0.00E+00
1.14E+09,-1.36E-01,0.00E+00
1.14E+09,-1.36E-01,0.00E+00
1.15E+09,-1.32E-01,0.00E+00
1.15E+09,-1.41E-01,0.00E+00
1.15E+09,-1.29E-01,0.00E+00
1.15E+09,-1.35E-01,0.00E+00
1.15E+09,-1.35E-01,0.00E+00
1.16E+09,-1.30E-01,0.00E+00
1.16E+09,-1.35E-01,0.00E+00
1.16E+09,-1.32E-01,0.00E+00
1.16E+09,-1.31E-01,0.00E+00
1.16E+09,-1.28E-01,0.00E+00
1.17E+09,-1.28E-01,0.00E+00
1.17E+09,-1.30E-01,0.00E+00
1.17E+09,-1.47E-01,0.00E+00
1.17E+09,-1.44E-01,0.00E+00
1.17E+09,-1.54E-01,0.00E+00
1.17E+09,-1.32E-01,0.00E+00
1.18E+09,-1.43E-01,0.00E+00
1.18E+09,-1.32E-01,0.00E+00
1.18E+09,-1.32E-01,0.00E+00
1.18E+09,-1.37E-01,0.00E+00
1.18E+09,-1.34E-01,0.00E+00
1.19E+09,-1.40E-01,0.00E+00
1.19E+09,-1.36E-01,0.00E+00
1.19E+09,-1.35E-01,0.00E+00
1.19E+09,-1.17E-01,0.00E+00
1.19E+09,-1.32E-01,0.00E+00
1.20E+09,-1.35E-01,0.00E+00
1.20E+09,-1.26E-01,0.00E+00
1.20E+09,-1.30E-01,0.00E+00
1.20E+09,-1.25E-01,0.00E+00
1.20E+09,-1.31E-01,0.00E+00
1.20E+09,-1.25E-01,0.00E+00
1.21E+09,-1.28E-01,0.00E+00
1.21E+09,-1.26E-01,0.00E+00
1.21E+09,-1.32E-01,0.00E+00
1.21E+09,-1.25E-01,0.00E+00
1.21E+09,-1.23E-01,0.00E+00
1.22E+09,-1.24E-01,0.00E+00
1.22E+09,-1.33E-01,0.00E+00
1.22E+09,-1.31E-01,0.00E+00
1.22E+09,-1.30E-01,0.00E+00
1.22E+09,-1.34E-01,0.00E+00
1.23E+09,-1.30E-01,0.00E+00
1.23E+09,-1.32E-01,0.00E+00
1.23E+09,-1.35E-01,0.00E+00
1.23E+09,-1.28E-01,0.00E+00
1.23E+09,-1.34E-01,0.00E+00
1.23E+09,-1.27E-01,0.00E+00
1.24E+09,-1.35E-01,0.00E+00
1.24E+09,-1.38E-01,0.00E+00
1.24E+09,-1.26E-01,0.00E+00
1.24E+09,-1.22E-01,0.00E+00
1.24E+09,-1.29E-01,0.00E+00
1.25E+09,-1.35E-01,0.00E+00
1.25E+09,-1.27E-01,0.00E+00
1.25E+09,-1.24E-01,0.00E+00
1.25E+09,-1.19E-01,0.00E+00
1.25E+09,-1.31E-01,0.00E+00
1.25E+09,-1.26E-01,0.00E+00
1.26E+09,-1.17E-01,0.00E+00
1.26E+09,-1.14E-01,0.00E+00
1.26E+09,-1.21E-01,0.00E+00
1.26E+09,-1.36E-01,0.00E+00
1.26E+09,-1.19E-01,0.00E+00
1.27E+09,-1.14E-01,0.00E+00
1.27E+09,-1.14E-01,0.00E+00
1.27E+09,-1.19E-01,0.00E+00
1.27E+09,-1.22E-01,0.00E+00
1.27E+09,-1.21E-01,0.00E+00
1.28E+09,-1.21E-01,0.00E+00
1.28E+09,-1.21E-01,0.00E+00
1.28E+09,-1.23E-01,0.00E+00
1.28E+09,-1.28E-01,0.00E+00
1.28E+09,-1.34E-01,0.00E+00
1.28E+09,-1.27E-01,0.00E+00
1.29E+09,-1.28E-01,0.00E+00
1.29E+09,-1.28E-01,0.00E+00
1.29E+09,-1.29E-01,0.00E+00
1.29E+09,-1.33E-01,0.00E+00
1.29E+09,-1.38E-01,0.00E+00
1.30E+09,-1.39E-01,0.00E+00
1.30E+09,-1.44E-01,0.00E+00
1.30E+09,-1.39E-01,0.00E+00
1.30E+09,-1.35E-01,0.00E+00
1.30E+09,-1.35E-01,0.00E+00
1.31E+09,-1.32E-01,0.00E+00
1.31E+09,-1.26E-01,0.00E+00
1.31E+09,-1.27E-01,0.00E+00
1.31E+09,-1.31E-01,0.00E+00
1.31E+09,-1.35E-01,0.00E+00
1.31E+09,-1.39E-01,0.00E+00
1.32E+09,-1.26E-01,0.00E+00
1.32E+09,-1.28E-01,0.00E+00
1.32E+09,-1.34E-01,0.00E+00
1.32E+09,-1.26E-01,0.00E+00
1.32E+09,-1.32E-01,0.00E+00
1.33E+09,-1.32E-01,0.00E+00
1.33E+09,-1.48E-01,0.00E+00
1.33E+09,-1.35E-01,0.00E+00
1.33E+09,-1.26E-01,0.00E+00
1.33E+09,-1.33E-01,0.00E+00
1.33E+09,-1.35E-01,0.00E+00
1.34E+09,-1.26E-01,0.00E+00
1.34E+09,-1.23E-01,0.00E+00
1.34E+09,-1.33E-01,0.00E+00
1.34E+09,-1.37E-01,0.00E+00
1.34E+09,-1.41E-01,0.00E+00
1.35E+09,-1.42E-01,0.00E+00
1.35E+09,-1.33E-01,0.00E+00
1.35E+09,-1.30E-01,0.00E+00
1.35E+09,-1.33E-01,0.00E+00
1.35E+09,-1.35E-01,0.00E+00
1.36E+09,-1.28E-01,0.00E+00
1.36E+09,-1.41E-01,0.00E+00
1.36E+09,-1.34E-01,0.00E+00
1.36E+09,-1.34E-01,0.00E+00
1.36E+09,-1.19E-01,0.00E+00
1.36E+09,-1.29E-01,0.00E+00
1.37E+09,-1.33E-01,0.00E+00
1.37E+09,-1.17E-01,0.00E+00
1.37E+09,-1.20E-01,0.00E+00
1.37E+09,-1.32E-01,0.00E+00
1.37E+09,-1.25E-01,0.00E+00
1.38E+09,-1.32E-01,0.00E+00
1.38E+09,-1.22E-01,0.00E+00
1.38E+09,-1.20E-01,0.00E+00
1.38E+09,-1.27E-01,0.00E+00
1.38E+09,-1.22E-01,0.00E+00
1.39E+09,-1.35E-01,0.00E+00
1.39E+09,-1.26E-01,0.00E+00
1.39E+09,-1.34E-01,0.00E+00
1.39E+09,-1.25E-01,0.00E+00
1.39E+09,-1.27E-01,0.00E+00
1.39E+09,-1.43E-01,0.00E+00
1.40E+09,-1.44E-01,0.00E+00
1.40E+09,-1.29E-01,0.00E+00
1.40E+09,-1.39E-01,0.00E+00
1.40E+09,-1.46E-01,0.00E+00
1.40E+09,-1.42E-01,0.00E+00
1.41E+09,-1.34E-01,0.00E+00
1.41E+09,-1.25E-01,0.00E+00
1.41E+09,-1.34E-01,0.00E+00
1.41E+09,-1.44E-01,0.00E+00
1.41E+09,-1.31E-01,0.00E+00
1.42E+09,-1.20E-01,0.00E+00
1.42E+09,-1.23E-01,0.00E+00
1.42E+09,-1.24E-01,0.00E+00
1.42E+09,-1.19E-01,0.00E+00
1.42E+09,-1.20E-01,0.00E+00
1.42E+09,-1.05E-01,0.00E+00
1.43E+09,-1.22E-01,0.00E+00
1.43E+09,-1.21E-01,0.00E+00
1.43E+09,-1.11E-01,0.00E+00
1.43E+09,-1.23E-01,0.00E+00
1.43E+09,-1.27E-01,0.00E+00
1.44E+09,-1.20E-01,0.00E+00
1.44E+09,-1.23E-01,0.00E+00
1.44E+09,-1.18E-01,0.00E+00
1.44E+09,-1.22E-01,0.00E+00
1.44E+09,-1.21E-01,0.00E+00
1.44E+09,-1.20E-01,0.00E+00
1.45E+09,-1.23E-01,0.00E+00
1.45E+09,-1.28E-01,0.00E+00
1.45E+09,-1.20E-01,0.00E+00
1.45E+09,-1.16E-01,0.00E+00
1.45E+09,-1.05E-01,0.00E+00
1.46E+09,-1.11E-01,0.00E+00
1.46E+09,-1.05E-01,0.00E+00
1.46E+09,-1.16E-01,0.00E+00
1.46E+09,-1.16E-01,0.00E+00
1.46E+09,-1.23E-01,0.00E+00
1.47E+09,-1.26E-01,0.00E+00
1.47E+09,-1.15E-01,0.00E+00
1.47E+09,-1.23E-01,0.00E+00
1.47E+09,-1.19E-01,0.00E+00
1.47E+09,-1.15E-01,0.00E+00
1.47E+09,-1.19E-01,0.00E+00
1.48E+09,-1.17E-01,0.00E+00
1.48E+09,-1.23E-01,0.00E+00
1.48E+09,-1.24E-01,0.00E+00
1.48E+09,-1.10E-01,0.00E+00
1.48E+09,-1.20E-01,0.00E+00
1.49E+09,-1.13E-01,0.00E+00
1.49E+09,-1.11E-01,0.00E+00
1.49E+09,-1.00E-01,0.00E+00
1.49E+09,-1.10E-01,0.00E+00
1.49E+09,-1.06E-01,0.00E+00
1.50E+09,-1.20E-01,0.00E+00
1.50E+09,-1.13E-01,0.00E+00
1.50E+09,-1.14E-01,0.00E+00
1.50E+09,-1.24E-01,0.00E+00
1.50E+09,-1.18E-01,0.00E+00
1.50E+09,-1.31E-01,0.00E+00
1.51E+09,-1.28E-01,0.00E+00
1.51E+09,-1.25E-01,0.00E+00
1.51E+09,-1.27E-01,0.00E+00
1.51E+09,-1.29E-01,0.00E+00
1.51E+09,-1.26E-01,0.00E+00
1.52E+09,-1.15E-01,0.00E+00
1.52E+09,-1.25E-01,0.00E+00
1.52E+09,-1.21E-01,0.00E+00
1.52E+09,-1.19E-01,0.00E+00
1.52E+09,-1.28E-01,0.00E+00
1.52E+09,-1.15E-01,0.00E+00
1.53E+09,-1.14E-01,0.00E+00
1.53E+09,-1.15E-01,0.00E+00
1.53E+09,-1.14E-01,0.00E+00
1.53E+09,-1.08E-01,0.00E+00
1.53E+09,-9.68E-02,0.00E+00
1.54E+09,-1.09E-01,0.00E+00
1.54E+09,-1.03E-01,0.00E+00
1.54E+09,-1.14E-01,0.00E+00
1.54E+09,-1.03E-01,0.00E+00
1.54E+09,-1.00E-01,0.00E+00
1.55E+09,-1.00E-01,0.00E+00
1.55E+09,-1.03E-01,0.00E+00
1.55E+09,-1.07E-01,0.00E+00
1.55E+09,-1.21E-01,0.00E+00
1.55E+09,-1.17E-01,0.00E+00
1.55E+09,-1.25E-01,0.00E+00
1.56E+09,-1.15E-01,0.00E+00
1.56E+09,-9.96E-02,0.00E+00
1.56E+09,-1.07E-01,0.00E+00
1.56E+09,-1.27E-01,0.00E+00
1.56E+09,-1.13E-01,0.00E+00
1.57E+09,-1.12E-01,0.00E+00
1.57E+09,-1.15E-01,0.00E+00
1.57E+09,-1.09E-01,0.00E+00
1.57E+09,-1.06E-01,0.00E+00
1.57E+09,-9.61E-02,0.00E+00
1.58E+09,-1.09E-01,0.00E+00
1.58E+09,-9.95E-02,0.00E+00
1.58E+09,-1.02E-01,0.00E+00
1.58E+09,-1.01E-01,0.00E+00
1.58E+09,-9.68E-02,0.00E+00
1.58E+09,-1.01E-01,0.00E+00
1.59E+09,-9.89E-02,0.00E+00
1.59E+09,-9.82E-02,0.00E+00
1.59E+09,-9.76E-02,0.00E+00
1.59E+09,-1.00E-01,0.00E+00
1.59E+09,-1.09E-01,0.00E+00
1.60E+09,-1.04E-01,0.00E+00
1.60E+09,-1.15E-01,0.00E+00
1.60E+09,-1.11E-01,0.00E+00
1.60E+09,-1.08E-01,0.00E+00
1.60E+09,-1.12E-01,0.00E+00
1.60E+09,-1.16E-01,0.00E+00
1.61E+09,-1.18E-01,0.00E+00
1.61E+09,-1.14E-01,0.00E+00
1.61E+09,-1.05E-01,0.00E+00
1.61E+09,-1.20E-01,0.00E+00
1.61E+09,-1.17E-01,0.00E+00
1.62E+09,-1.09E-01,0.00E+00
1.62E+09,-9.70E-02,0.00E+00
1.62E+09,-1.12E-01,0.00E+00
1.62E+09,-1.08E-01,0.00E+00
1.62E+09,-9.91E-02,0.00E+00
1.63E+09,-9.67E-02,0.00E+00
1.63E+09,-1.03E-01,0.00E+00
1.63E+09,-9.88E-02,0.00E+00
1.63E+09,-1.08E-01,0.00E+00
1.63E+09,-9.49E-02,0.00E+00
1.63E+09,-8.89E-02,0.00E+00
1.64E+09,-9.47E-02,0.00E+00
1.64E+09,-9.46E-02,0.00E+00
1.64E+09,-8.39E-02,0.00E+00
1.64E+09,-9.68E-02,0.00E+00
1.64E+09,-9.58E-02,0.00E+00
1.65E+09,-9.35E-02,0.00E+00
1.65E+09,-9.77E-02,0.00E+00
1.65E+09,-8.31E-02,0.00E+00
1.65E+09,-8.91E-02,0.00E+00
1.65E+09,-1.13E-01,0.00E+00
1.66E+09,-9.11E-02,0.00E+00
1.66E+09,-1.02E-01,0.00E+00
1.66E+09,-9.91E-02,0.00E+00
1.66E+09,-9.40E-02,0.00E+00
1.66E+09,-9.64E-02,0.00E+00
1.66E+09,-9.21E-02,0.00E+00
1.67E+09,-9.49E-02,0.00E+00
1.67E+09,-8.67E-02,0.00E+00
1.67E+09,-8.77E-02,0.00E+00
1.67E+09,-8.72E-02,0.00E+00
1.67E+09,-8.72E-02,0.00E+00
1.68E+09,-8.28E-02,0.00E+00
1.68E+09,-8.27E-02,0.00E+00
1.68E+09,-8.98E-02,0.00E+00
1.68E+09,-1.00E-01,0.00E+00
1.68E+09,-8.67E-02,0.00E+00
1.69E+09,-8.61E-02,0.00E+00
1.69E+09,-1.03E-01,0.00E+00
1.69E+09,-9.68E-02,0.00E+00
1.69E+09,-9.89E-02,0.00E+00
1.69E+09,-1.00E-01,0.00E+00
1.69E+09,-9.40E-02,0.00E+00
1.70E+09,-1.02E-01,0.00E+00
1.70E+09,-1.00E-01,0.00E+00
1.70E+09,-1.02E-01,0.00E+00
1.70E+09,-9.75E-02,0.00E+00
1.70E+09,-1.28E-01,0.00E+00
1.71E+09,-1.10E-01,0.00E+00
1.71E+09,-8.55E-02,0.00E+00
1.71E+09,-1.03E-01,0.00E+00
1.71E+09,-1.16E-01,0.00E+00
1.71E+09,-1.14E-01,0.00E+00
1.71E+09,-9.97E-02,0.00E+00
1.72E+09,-9.44E-02,0.00E+00
1.72E+09,-9.93E-02,0.00E+00
1.72E+09,-9.63E-02,0.00E+00
1.72E+09,-9.63E-02,0.00E+00
1.72E+09,-9.32E-02,0.00E+00
1.73E+09,-8.39E-02,0.00E+00
1.73E+09,-9.56E-02,0.00E+00
1.73E+09,-9.17E-02,0.00E+00
1.73E+09,-9.50E-02,0.00E+00
1.73E+09,-9.30E-02,0.00E+00
1.74E+09,-9.81E-02,0.00E+00
1.74E+09,-9.06E-02,0.00E+00
1.74E+09,-9.16E-02,0.00E+00
1.74E+09,-8.91E-02,0.00E+00
1.74E+09,-9.47E-02,0.00E+00
1.74E+09,-9.18E-02,0.00E+00
1.75E+09,-9.31E-02,0.00E+00
1.75E+09,-9.30E-02,0.00E+00
1.75E+09,-9.45E-02,0.00E+00
1.75E+09,-9.33E-02,0.00E+00
1.75E+09,-1.01E-01,0.00E+00
1.76E+09,-1.03E-01,0.00E+00
1.76E+09,-1.02E-01,0.00E+00
1.76E+09,-9.50E-02,0.00E+00
1.76E+09,-1.01E-01,0.00E+00
1.76E+09,-9.29E-02,0.00E+00
1.77E+09,-9.94E-02,0.00E+00
1.77E+09,-8.33E-02,0.00E+00
1.77E+09,-1.00E-01,0.00E+00
1.77E+09,-8.75E-02,0.00E+00
1.77E+09,-8.68E-02,0.00E+00
1.77E+09,-8.98E-02,0.00E+00
1.78E+09,-8.36E-02,0.00E+00
1.78E+09,-9.59E-02,0.00E+00
1.78E+09,-9.68E-02,0.00E+00
1.78E+09,-8.15E-02,0.00E+00
1.78E+09,-6.79E-02,0.00E+00
1.79E+09,-8.12E-02,0.00E+00
1.79E+09,-9.07E-02,0.00E+00
1.79E+09,-8.00E-02,0.00E+00
1.79E+09,-7.07E-02,0.00E+00
1.79E+09,-7.34E-02,0.00E+00
1.79E+09,-9.41E-02,0.00E+00
1.80E+09,-7.85E-02,0.00E+00
1.80E+09,-7.56E-02,0.00E+00
1.80E+09,-7.90E-02,0.00E+00
1.80E+09,-9.18E-02,0.00E+00
1.80E+09,-8.26E-02,0.00E+00
1.81E+09,-8.15E-02,0.00E+00
1.81E+09,-8.19E-02,0.00E+00
1.81E+09,-9.55E-02,0.00E+00
1.81E+09,-8.56E-02,0.00E+00
1.81E+09,-9.30E-02,0.00E+00
1.82E+09,-8.69E-02,0.00E+00
1.82E+09,-9.51E-02,0.00E+00
1.82E+09,-8.91E-02,0.00E+00
1.82E+09,-9.63E-02,0.00E+00
1.82E+09,-9.22E-02,0.00E+00
1.82E+09,-9.71E-02,0.00E+00
1.83E+09,-9.73E-02,0.00E+00
1.83E+09,-9.84E-02,0.00E+00
1.83E+09,-1.01E-01,0.00E+00
1.83E+09,-9.65E-02,0.00E+00
1.83E+09,-9.07E-02,0.00E+00
1.84E+09,-9.26E-02,0.00E+00
1.84E+09,-9.07E-02,0.00E+00
1.84E+09,-9.21E-02,0.00E+00
1.84E+09,-8.63E-02,0.00E+00
1.84E+09,-8.09E-02,0.00E+00
1.85E+09,-8.69E-02,0.00E+00
1.85E+09,-1.02E-01,0.00E+00
1.85E+09,-1.00E-01,0.00E+00
1.85E+09,-9.61E-02,0.00E+00
1.85E+09,-9.92E-02,0.00E+00
1.85E+09,-1.13E-01,0.00E+00
1.86E+09,-1.02E-01,0.00E+00
1.86E+09,-8.53E-02,0.00E+00
1.86E+09,-7.92E-02,0.00E+00
1.86E+09,-9.45E-02,0.00E+00
1.86E+09,-8.84E-02,0.00E+00
1.87E+09,-8.31E-02,0.00E+00
1.87E+09,-8.04E-02,0.00E+00
1.87E+09,-8.58E-02,0.00E+00
1.87E+09,-8.55E-02,0.00E+00
1.87E+09,-8.60E-02,0.00E+00
1.88E+09,-8.24E-02,0.00E+00
1.88E+09,-8.63E-02,0.00E+00
1.88E+09,-8.54E-02,0.00E+00
1.88E+09,-9.02E-02,0.00E+00
1.88E+09,-8.14E-02,0.00E+00
1.88E+09,-8.53E-02,0.00E+00
1.89E+09,-8.49E-02,0.00E+00
1.89E+09,-8.06E-02,0.00E+00
1.89E+09,-8.50E-02,0.00E+00
1.89E+09,-8.80E-02,0.00E+00
1.89E+09,-8.11E-02,0.00E+00
1.90E+09,-8.69E-02,0.00E+00
1.90E+09,-8.96E-02,0.00E+00
1.90E+09,-9.04E-02,0.00E+00
1.90E+09,-8.79E-02,0.00E+00
1.90E+09,-8.70E-02,0.00E+00
1.90E+09,-8.58E-02,0.00E+00
1.91E+09,-8.55E-02,0.00E+00
1.91E+09,-8.66E-02,0.00E+00
1.91E+09,-9.00E-02,0.00E+00
1.91E+09,-9.15E-02,0.00E+00
1.91E+09,-9.81E-02,0.00E+00
1.92E+09,-1.11E-01,0.00E+00
1.92E+09,-9.10E-02,0.00E+00
1.92E+09,-8.79E-02,0.00E+00
1.92E+09,-1.01E-01,0.00E+00
1.92E+09,-1.00E-01,0.00E+00
1.93E+09,-9.69E-02,0.00E+00
1.93E+09,-8.50E-02,0.00E+00
1.93E+09,-8.98E-02,0.00E+00
1.93E+09,-9.29E-02,0.00E+00
1.93E+09,-8.87E-02,0.00E+00
1.93E+09,-8.91E-02,0.00E+00
1.94E+09,-8.29E-02,0.00E+00
1.94E+09,-8.46E-02,0.00E+00
1.94E+09,-9.31E-02,0.00E+00
1.94E+09,-7.83E-02,0.00E+00
1.94E+09,-7.67E-02,0.00E+00
1.95E+09,-9.09E-02,0.00E+00
1.95E+09,-8.98E-02,0.00E+00
1.95E+09,-8.63E-02,0.00E+00
1.95E+09,-9.20E-02,0.00E+00
1.95E+09,-9.22E-02,0.00E+00
1.96E+09,-9.74E-02,0.00E+00
1.96E+09,-9.55E-02,0.00E+00
1.96E+09,-9.75E-02,0.00E+00
1.96E+09,-9.97E-02,0.00E+00
1.96E+09,-1.00E-01,0.00E+00
1.96E+09,-1.07E-01,0.00E+00
1.97E+09,-1.06E-01,0.00E+00
1.97E+09,-9.96E-02,0.00E+00
1.97E+09,-1.05E-01,0.00E+00
1.97E+09,-1.03E-01,0.00E+00
1.97E+09,-9.68E-02,0.00E+00
1.98E+09,-9.76E-02,0.00E+00
1.98E+09,-9.87E-02,0.00E+00
1.98E+09,-9.66E-02,0.00E+00
1.98E+09,-9.78E-02,0.00E+00
1.98E+09,-9.01E-02,0.00E+00
1.98E+09,-8.81E-02,0.00E+00
1.99E+09,-7.68E-02,0.00E+00
1.99E+09,-8.29E-02,0.00E+00
1.99E+09,-7.35E-02,0.00E+00
1.99E+09,-7.18E-02,0.00E+00
1.99E+09,-6.55E-02,0.00E+00
2.00E+09,-7.01E-02,0.00E+00
2.00E+09,-7.81E-02,0.00E+00
2.00E+09,-8.79E-02,0.00E+00
2.00E+09,-6.14E-02,0.00E+00
2.00E+09,-7.78E-02,0.00E+00
2.01E+09,-8.37E-02,0.00E+00
2.01E+09,-8.66E-02,0.00E+00
2.01E+09,-9.15E-02,0.00E+00
2.01E+09,-8.13E-02,0.00E+00
2.01E+09,-7.59E-02,0.00E+00
2.01E+09,-8.69E-02,0.00E+00
2.02E+09,-8.86E-02,0.00E+00
2.02E+09,-9.01E-02,0.00E+00
2.02E+09,-9.40E-02,0.00E+00
2.02E+09,-9.69E-02,0.00E+00
2.02E+09,-8.29E-02,0.00E+00
2.03E+09,-9.56E-02,0.00E+00
2.03E+09,-8.32E-02,0.00E+00
2.03E+09,-9.92E-02,0.00E+00
2.03E+09,-9.71E-02,0.00E+00
2.03E+09,-8.66E-02,0.00E+00
2.04E+09,-8.74E-02,0.00E+00
2.04E+09,-8.30E-02,0.00E+00
2.04E+09,-8.93E-02,0.00E+00
2.04E+09,-7.93E-02,0.00E+00
2.04E+09,-8.48E-02,0.00E+00
2.04E+09,-8.48E-02,0.00E+00
2.05E+09,-8.64E-02,0.00E+00
2.05E+09,-8.35E-02,0.00E+00
2.05E+09,-8.89E-02,0.00E+00
2.05E+09,-8.98E-02,0.00E+00
2.05E+09,-7.80E-02,0.00E+00
2.06E+09,-7.81E-02,0.00E+00
2.06E+09,-7.45E-02,0.00E+00
2.06E+09,-8.14E-02,0.00E+00
2.06E+09,-7.76E-02,0.00E+00
2.06E+09,-8.08E-02,0.00E+00
2.07E+09,-8.53E-02,0.00E+00
2.07E+09,-8.29E-02,0.00E+00
2.07E+09,-7.70E-02,0.00E+00
2.07E+09,-7.35E-02,0.00E+00
2.07E+09,-8.71E-02,0.00E+00
2.07E+09,-9.04E-02,0.00E+00
2.08E+09,-7.82E-02,0.00E+00
2.08E+09,-8.31E-02,0.00E+00
2.08E+09,-9.44E-02,0.00E+00
2.08E+09,-8.70E-02,0.00E+00
2.08E+09,-9.71E-02,0.00E+00
2.09E+09,-9.95E-02,0.00E+00
2.09E+09,-9.45E-02,0.00E+00
2.09E+09,-9.47E-02,0.00E+00
2.09E+09,-9.50E-02,0.00E+00
2.09E+09,-8.44E-02,0.00E+00
2.09E+09,-8.40E-02,0.00E+00
2.10E+09,-9.14E-02,0.00E+00
2.10E+09,-9.45E-02,0.00E+00
2.10E+09,-8.75E-02,0.00E+00
2.10E+09,-8.00E-02,0.00E+00
2.10E+09,-7.96E-02,0.00E+00
2.11E+09,-8.30E-02,0.00E+00
2.11E+09,-7.40E-02,0.00E+00
2.11E+09,-7.87E-02,0.00E+00
2.11E+09,-7.54E-02,0.00E+00
2.11E+09,-7.57E-02,0.00E+00
2.12E+09,-8.52E-02,0.00E+00
2.12E+09,-8.02E-02,0.00E+00
2.12E+09,-7.93E-02,0.00E+00
2.12E+09,-7.63E-02,0.00E+00
2.12E+09,-8.19E-02,0.00E+00
2.12E+09,-7.98E-02,0.00E+00
2.13E+09,-8.49E-02,0.00E+00
2.13E+09,-8.41E-02,0.00E+00
2.13E+09,-7.96E-02,0.00E+00
2.13E+09,-8.59E-02,0.00E+00
2.13E+09,-8.50E-02,0.00E+00
2.14E+09,-8.47E-02,0.00E+00
2.14E+09,-9.49E-02,0.00E+00
2.14E+09,-7.48E-02,0.00E+00
2.14E+09,-8.26E-02,0.00E+00
2.14E+09,-8.51E-02,0.00E+00
2.15E+09,-8.53E-02,0.00E+00
2.15E+09,-8.22E-02,0.00E+00
2.15E+09,-8.34E-02,0.00E+00
2.15E+09,-9.30E-02,0.00E+00
2.15E+09,-8.40E-02,0.00E+00
2.15E+09,-8.08E-02,0.00E+00
2.16E+09,-8.08E-02,0.00E+00
2.16E+09,-8.32E-02,0.00E+00
2.16E+09,-8.35E-02,0.00E+00
2.16E+09,-7.47E-02,0.00E+00
2.16E+09,-6.93E-02,0.00E+00
2.17E+09,-8.27E-02,0.00E+00
2.17E+09,-7.99E-02,0.00E+00
2.17E+09,-8.15E-02,0.00E+00
2.17E+09,-7.18E-02,0.00E+00
2.17E+09,-8.12E-02,0.00E+00
2.17E+09,-8.61E-02,0.00E+00
2.18E+09,-7.32E-02,0.00E+00
2.18E+09,-7.66E-02,0.00E+00
2.18E+09,-8.00E-02,0.00E+00
2.18E+09,-7.99E-02,0.00E+00
2.18E+09,-8.47E-02,0.00E+00
2.19E+09,-6.21E-02,0.00E+00
2.19E+09,-7.46E-02,0.00E+00
2.19E+09,-6.84E-02,0.00E+00
2.19E+09,-6.73E-02,0.00E+00
2.19E+09,-7.61E-02,0.00E+00
2.20E+09,-7.25E-02,0.00E+00
2.20E+09,-7.24E-02,0.00E+00
2.20E+09,-7.28E-02,0.00E+00
2.20E+09,-7.28E-02,0.00E+00
2.20E+09,-7.14E-02,0.00E+00
2.20E+09,-7.54E-02,0.00E+00
2.21E+09,-8.39E-02,0.00E+00
2.21E+09,-8.24E-02,0.00E+00
2.21E+09,-9.18E-02,0.00E+00
2.21E+09,-9.40E-02,0.00E+00
2.21E+09,-7.55E-02,0.00E+00
2.22E+09,-7.49E-02,0.00E+00
2.22E+09,-6.43E-02,0.00E+00
2.22E+09,-7.18E-02,0.00E+00
2.22E+09,-5.95E-02,0.00E+00
2.22E+09,-5.39E-02,0.00E+00
2.23E+09,-5.87E-02,0.00E+00
2.23E+09,-7.06E-02,0.00E+00
2.23E+09,-7.86E-02,0.00E+00
2.23E+09,-8.11E-02,0.00E+00
2.23E+09,-6.77E-02,0.00E+00
2.23E+09,-7.05E-02,0.00E+00
2.24E+09,-8.70E-02,0.00E+00
2.24E+09,-6.68E-02,0.00E+00
2.24E+09,-5.37E-02,0.00E+00
2.24E+09,-7.48E-02,0.00E+00
2.24E+09,-8.77E-02,0.00E+00
2.25E+09,-6.63E-02,0.00E+00
2.25E+09,-7.87E-02,0.00E+00
2.25E+09,-6.53E-02,0.00E+00
2.25E+09,-6.80E-02,0.00E+00
2.25E+09,-7.21E-02,0.00E+00
2.26E+09,-7.63E-02,0.00E+00
2.26E+09,-6.94E-02,0.00E+00
2.26E+09,-6.38E-02,0.00E+00
2.26E+09,-6.22E-02,0.00E+00
2.26E+09,-5.90E-02,0.00E+00
2.26E+09,-6.68E-02,0.00E+00
2.27E+09,-6.27E-02,0.00E+00
2.27E+09,-6.56E-02,0.00E+00
2.27E+09,-7.50E-02,0.00E+00
2.27E+09,-5.57E-02,0.00E+00
2.27E+09,-6.42E-02,0.00E+00
2.28E+09,-5.57E-02,0.00E+00
2.28E+09,-5.02E-02,0.00E+00
2.28E+09,-5.19E-02,0.00E+00
2.28E+09,-5.98E-02,0.00E+00
2.28E+09,-6.14E-02,0.00E+00
2.28E+09,-6.33E-02,0.00E+00
2.29E+09,-5.78E-02,0.00E+00
2.29E+09,-5.68E-02,0.00E+00
2.29E+09,-5.31E-02,0.00E+00
2.29E+09,-5.38E-02,0.00E+00
2.29E+09,-6.27E-02,0.00E+00
2.30E+09,-7.08E-02,0.00E+00
2.30E+09,-5.59E-02,0.00E+00
2.30E+09,-5.78E-02,0.00E+00
2.30E+09,-6.77E-02,0.00E+00
2.30E+09,-8.05E-02,0.00E+00
2.31E+09,-6.13E-02,0.00E+00
2.31E+09,-7.01E-02,0.00E+00
2.31E+09,-6.52E-02,0.00E+00
2.31E+09,-7.54E-02,0.00E+00
2.31E+09,-6.90E-02,0.00E+00
2.31E+09,-6.00E-02,0.00E+00
2.32E+09,-7.71E-02,0.00E+00
2.32E+09,-7.11E-02,0.00E+00
2.32E+09,-7.63E-02,0.00E+00
2.32E+09,-6.68E-02,0.00E+00
2.32E+09,-6.72E-02,0.00E+00
2.33E+09,-5.94E-02,0.00E+00
2.33E+09,-6.08E-02,0.00E+00
2.33E+09,-7.87E-02,0.00E+00
2.33E+09,-7.22E-02,0.00E+00
2.33E+09,-6.61E-02,0.00E+00
2.34E+09,-6.57E-02,0.00E+00
2.34E+09,-6.87E-02,0.00E+00
2.34E+09,-6.32E-02,0.00E+00
2.34E+09,-5.37E-02,0.00E+00
2.34E+09,-6.94E-02,0.00E+00
2.34E+09,-7.01E-02,0.00E+00
2.35E+09,-7.01E-02,0.00E+00
2.35E+09,-6.52E-02,0.00E+00
2.35E+09,-6.40E-02,0.00E+00
2.35E+09,-6.39E-02,0.00E+00
2.35E+09,-6.66E-02,0.00E+00
2.36E+09,-6.61E-02,0.00E+00
2.36E+09,-6.79E-02,0.00E+00
2.36E+09,-7.05E-02,0.00E+00
2.36E+09,-6.80E-02,0.00E+00
2.36E+09,-7.77E-02,0.00E+00
2.36E+09,-6.71E-02,0.00E+00
2.37E+09,-6.79E-02,0.00E+00
2.37E+09,-7.39E-02,0.00E+00
2.37E+09,-7.23E-02,0.00E+00
2.37E+09,-8.44E-02,0.00E+00
2.37E+09,-7.35E-02,0.00E+00
2.38E+09,-7.21E-02,0.00E+00
2.38E+09,-8.37E-02,0.00E+00
2.38E+09,-7.30E-02,0.00E+00
2.38E+09,-7.50E-02,0.00E+00
2.38E+09,-6.71E-02,0.00E+00
2.39E+09,-6.55E-02,0.00E+00
2.39E+09,-6.93E-02,0.00E+00
2.39E+09,-6.88E-02,0.00E+00
2.39E+09,-7.89E-02,0.00E+00
2.39E+09,-7.76E-02,0.00E+00
2.39E+09,-7.12E-02,0.00E+00
2.40E+09,-8.66E-02,0.00E+00
2.40E+09,-8.69E-02,0.00E+00
2.40E+09,-7.38E-02,0.00E+00
2.40E+09,-8.25E-02,0.00E+00
2.40E+09,-9.08E-02,0.00E+00
2.41E+09,-7.37E-02,0.00E+00
2.41E+09,-7.11E-02,0.00E+00
2.41E+09,-7.48E-02,0.00E+00
2.41E+09,-8.42E-02,0.00E+00
2.41E+09,-7.44E-02,0.00E+00
2.42E+09,-7.41E-02,0.00E+00
2.42E+09,-8.37E-02,0.00E+00
2.42E+09,-8.99E-02,0.00E+00
2.42E+09,-7.92E-02,0.00E+00
2.42E+09,-7.13E-02,0.00E+00
2.42E+09,-7.56E-02,0.00E+00
2.43E+09,-8.00E-02,0.00E+00
2.43E+09,-7.45E-02,0.00E+00
2.43E+09,-8.16E-02,0.00E+00
2.43E+09,-7.22E-02,0.00E+00
2.43E+09,-7.74E-02,0.00E+00
2.44E+09,-7.44E-02,0.00E+00
2.44E+09,-7.85E-02,0.00E+00
2.44E+09,-7.84E-02,0.00E+00
2.44E+09,-7.44E-02,0.00E+00
2.44E+09,-7.82E-02,0.00E+00
2.44E+09,-8.12E-02,0.00E+00
2.45E+09,-7.97E-02,0.00E+00
2.45E+09,-7.45E-02,0.00E+00
2.45E+09,-7.81E-02,0.00E+00
2.45E+09,-8.36E-02,0.00E+00
2.45E+09,-8.71E-02,0.00E+00
2.46E+09,-8.37E-02,0.00E+00
2.46E+09,-7.58E-02,0.00E+00
2.46E+09,-7.59E-02,0.00E+00
2.46E+09,-1.00E-01,0.00E+00
2.46E+09,-8.13E-02,0.00E+00
2.47E+09,-8.25E-02,0.00E+00
2.47E+09,-6.93E-02,0.00E+00
2.47E+09,-9.12E-02,0.00E+00
2.47E+09,-9.90E-02,0.00E+00
2.47E+09,-9.48E-02,0.00E+00
2.47E+09,-7.83E-02,0.00E+00
2.48E+09,-7.97E-02,0.00E+00
2.48E+09,-9.16E-02,0.00E+00
2.48E+09,-1.06E-01,0.00E+00
2.48E+09,-8.66E-02,0.00E+00
2.48E+09,-8.29E-02,0.00E+00
2.49E+09,-9.17E-02,0.00E+00
2.49E+09,-9.86E-02,0.00E+00
2.49E+09,-8.94E-02,0.00E+00
2.49E+09,-8.75E-02,0.00E+00
2.49E+09,-9.38E-02,0.00E+00
2.50E+09,-9.11E-02,0.00E+00
2.50E+09,-8.95E-02,0.00E+00
2.50E+09,-9.86E-02,0.00E+00
2.50E+09,-8.39E-02,0.00E+00
2.50E+09,-9.93E-02,0.00E+00
2.50E+09,-9.68E-02,0.00E+00
2.51E+09,-9.04E-02,0.00E+00
2.51E+09,-1.03E-01,0.00E+00
2.51E+09,-9.93E-02,0.00E+00
2.51E+09,-9.80E-02,0.00E+00
2.51E+09,-9.94E-02,0.00E+00
2.52E+09,-9.40E-02,0.00E+00
2.52E+09,-1.03E-01,0.00E+00
2.52E+09,-9.53E-02,0.00E+00
2.52E+09,-1.02E-01,0.00E+00
2.52E+09,-9.51E-02,0.00E+00
2.53E+09,-9.69E-02,0.00E+00
2.53E+09,-9.64E-02,0.00E+00
2.53E+09,-1.01E-01,0.00E+00
2.53E+09,-1.06E-01,0.00E+00
2.53E+09,-9.56E-02,0.00E+00
2.53E+09,-8.67E-02,0.00E+00
2.54E+09,-8.55E-02,0.00E+00
2.54E+09,-1.05E-01,0.00E+00
2.54E+09,-9.63E-02,0.00E+00
2.54E+09,-1.02E-01,0.00E+00
2.54E+09,-9.72E-02,0.00E+00
2.55E+09,-9.60E-02,0.00E+00
2.55E+09,-1.15E-01,0.00E+00
2.55E+09,-1.06E-01,0.00E+00
2.55E+09,-9.96E-02,0.00E+00
2.55E+09,-1.19E-01,0.00E+00
2.55E+09,-1.23E-01,0.00E+00
2.56E+09,-9.95E-02,0.00E+00
2.56E+09,-1.19E-01,0.00E+00
2.56E+09,-1.13E-01,0.00E+00
2.56E+09,-1.09E-01,0.00E+00
2.56E+09,-1.09E-01,0.00E+00
2.57E+09,-1.08E-01,0.00E+00
2.57E+09,-9.72E-02,0.00E+00
2.57E+09,-9.80E-02,0.00E+00
2.57E+09,-9.52E-02,0.00E+00
2.57E+09,-8.77E-02,0.00E+00
2.58E+09,-8.67E-02,0.00E+00
2.58E+09,-8.81E-02,0.00E+00
2.58E+09,-8.42E-02,0.00E+00
2.58E+09,-9.11E-02,0.00E+00
2.58E+09,-7.03E-02,0.00E+00
2.58E+09,-8.64E-02,0.00E+00
2.59E+09,-7.59E-02,0.00E+00
2.59E+09,-7.24E-02,0.00E+00
2.59E+09,-8.25E-02,0.00E+00
2.59E+09,-8.16E-02,0.00E+00
2.59E+09,-7.87E-02,0.00E+00
2.60E+09,-8.70E-02,0.00E+00
2.60E+09,-8.51E-02,0.00E+00
2.60E+09,-8.99E-02,0.00E+00
2.60E+09,-7.96E-02,0.00E+00
2.60E+09,-9.12E-02,0.00E+00
2.61E+09,-9.94E-02,0.00E+00
2.61E+09,-9.71E-02,0.00E+00
2.61E+09,-7.92E-02,0.00E+00
2.61E+09,-9.05E-02,0.00E+00
2.61E+09,-8.97E-02,0.00E+00
2.61E+09,-1.11E-01,0.00E+00
2.62E+09,-8.85E-02,0.00E+00
2.62E+09,-9.30E-02,0.00E+00
2.62E+09,-1.04E-01,0.00E+00
2.62E+09,-1.06E-01,0.00E+00
2.62E+09,-1.05E-01,0.00E+00
2.63E+09,-9.63E-02,0.00E+00
2.63E+09,-9.14E-02,0.00E+00
2.63E+09,-1.13E-01,0.00E+00
2.63E+09,-1.14E-01,0.00E+00
2.63E+09,-1.09E-01,0.00E+00
2.63E+09,-1.03E-01,0.00E+00
2.64E+09,-1.09E-01,0.00E+00
2.64E+09,-1.00E-01,0.00E+00
2.64E+09,-1.10E-01,0.00E+00
2.64E+09,-1.12E-01,0.00E+00
2.64E+09,-1.09E-01,0.00E+00
2.65E+09,-1.12E-01,0.00E+00
2.65E+09,-1.12E-01,0.00E+00
2.65E+09,-1.04E-01,0.00E+00
2.65E+09,-1.09E-01,0.00E+00
2.65E+09,-1.13E-01,0.00E+00
2.66E+09,-1.03E-01,0.00E+00
2.66E+09,-1.12E-01,0.00E+00
2.66E+09,-1.15E-01,0.00E+00
2.66E+09,-1.08E-01,0.00E+00
2.66E+09,-1.20E-01,0.00E+00
2.66E+09,-1.18E-01,0.00E+00
2.67E+09,-1.12E-01,0.00E+00
2.67E+09,-1.22E-01,0.00E+00
2.67E+09,-1.22E-01,0.00E+00
2.67E+09,-1.13E-01,0.00E+00
2.67E+09,-1.20E-01,0.00E+00
2.68E+09,-1.11E-01,0.00E+00
2.68E+09,-1.05E-01,0.00E+00
2.68E+09,-1.03E-01,0.00E+00
2.68E+09,-1.15E-01,0.00E+00
2.68E+09,-1.03E-01,0.00E+00
2.69E+09,-1.04E-01,0.00E+00
2.69E+09,-1.09E-01,0.00E+00
2.69E+09,-1.06E-01,0.00E+00
2.69E+09,-1.07E-01,0.00E+00
2.69E+09,-1.01E-01,0.00E+00
2.69E+09,-1.08E-01,0.00E+00
2.70E+09,-1.07E-01,0.00E+00
2.70E+09,-1.13E-01,0.00E+00
2.70E+09,-1.19E-01,0.00E+00
2.70E+09,-1.09E-01,0.00E+00
2.70E+09,-1.08E-01,0.00E+00
2.71E+09,-1.11E-01,0.00E+00
2.71E+09,-1.15E-01,0.00E+00
2.71E+09,-1.14E-01,0.00E+00
2.71E+09,-1.11E-01,0.00E+00
2.71E+09,-1.21E-01,0.00E+00
2.72E+09,-1.16E-01,0.00E+00
2.72E+09,-1.14E-01,0.00E+00
2.72E+09,-1.20E-01,0.00E+00
2.72E+09,-1.14E-01,0.00E+00
2.72E+09,-1.18E-01,0.00E+00
2.72E+09,-1.19E-01,0.00E+00
2.73E+09,-1.12E-01,0.00E+00
2.73E+09,-1.19E-01,0.00E+00
2.73E+09,-1.20E-01,0.00E+00
2.73E+09,-1.16E-01,0.00E+00
2.73E+09,-1.09E-01,0.00E+00
2.74E+09,-1.13E-01,0.00E+00
2.74E+09,-1.13E-01,0.00E+00
2.74E+09,-1.09E-01,0.00E+00
2.74E+09,-1.13E-01,0.00E+00
2.74E+09,-1.11E-01,0.00E+00
2.74E+09,-1.13E-01,0.00E+00
2.75E+09,-1.08E-01,0.00E+00
2.75E+09,-1.16E-01,0.00E+00
2.75E+09,-1.11E-01,0.00E+00
2.75E+09,-1.08E-01,0.00E+00
2.75E+09,-1.07E-01,0.00E+00
2.76E+09,-1.06E-01,0.00E+00
2.76E+09,-1.27E-01,0.00E+00
2.76E+09,-1.09E-01,0.00E+00
2.76E+09,-1.13E-01,0.00E+00
2.76E+09,-1.06E-01,0.00E+00
2.77E+09,-1.08E-01,0.00E+00
2.77E+09,-1.07E-01,0.00E+00
2.77E+09,-1.07E-01,0.00E+00
2.77E+09,-1.05E-01,0.00E+00
2.77E+09,-1.28E-01,0.00E+00
2.77E+09,-1.25E-01,0.00E+00
2.78E+09,-1.17E-01,0.00E+00
2.78E+09,-1.09E-01,0.00E+00
2.78E+09,-1.37E-01,0.00E+00
2.78E+09,-1.35E-01,0.00E+00
2.78E+09,-1.19E-01,0.00E+00
2.79E+09,-1.26E-01,0.00E+00
2.79E+09,-1.33E-01,0.00E+00
2.79E+09,-1.22E-01,0.00E+00
2.79E+09,-1.00E-01,0.00E+00
2.79E+09,-1.06E-01,0.00E+00
2.80E+09,-1.13E-01,0.00E+00
2.80E+09,-1.16E-01,0.00E+00
2.80E+09,-1.05E-01,0.00E+00
2.80E+09,-1.06E-01,0.00E+00
2.80E+09,-1.09E-01,0.00E+00
2.80E+09,-1.13E-01,0.00E+00
2.81E+09,-1.20E-01,0.00E+00
2.81E+09,-1.17E-01,0.00E+00
2.81E+09,-1.16E-01,0.00E+00
2.81E+09,-1.20E-01,0.00E+00
2.81E+09,-1.22E-01,0.00E+00
2.82E+09,-1.15E-01,0.00E+00
2.82E+09,-1.30E-01,0.00E+00
2.82E+09,-1.16E-01,0.00E+00
2.82E+09,-1.29E-01,0.00E+00
2.82E+09,-1.25E-01,0.00E+00
2.82E+09,-1.26E-01,0.00E+00
2.83E+09,-1.24E-01,0.00E+00
2.83E+09,-1.16E-01,0.00E+00
2.83E+09,-1.20E-01,0.00E+00
2.83E+09,-1.25E-01,0.00E+00
2.83E+09,-1.41E-01,0.00E+00
2.84E+09,-1.11E-01,0.00E+00
2.84E+09,-1.14E-01,0.00E+00
2.84E+09,-1.32E-01,0.00E+00
2.84E+09,-1.23E-01,0.00E+00
2.84E+09,-1.18E-01,0.00E+00
2.85E+09,-1.12E-01,0.00E+00
2.85E+09,-1.33E-01,0.00E+00
2.85E+09,-1.30E-01,0.00E+00
2.85E+09,-1.10E-01,0.00E+00
2.85E+09,-1.19E-01,0.00E+00
2.85E+09,-1.13E-01,0.00E+00
2.86E+09,-1.15E-01,0.00E+00
2.86E+09,-1.18E-01,0.00E+00
2.86E+09,-1.20E-01,0.00E+00
2.86E+09,-1.26E-01,0.00E+00
2.86E+09,-1.25E-01,0.00E+00
2.87E+09,-1.17E-01,0.00E+00
2.87E+09,-1.23E-01,0.00E+00
2.87E+09,-1.26E-01,0.00E+00
2.87E+09,-1.33E-01,0.00E+00
2.87E+09,-1.29E-01,0.00E+00
2.88E+09,-1.24E-01,0.00E+00
2.88E+09,-1.31E-01,0.00E+00
2.88E+09,-1.38E-01,0.00E+00
2.88E+09,-1.41E-01,0.00E+00
2.88E+09,-1.32E-01,0.00E+00
2.88E+09,-1.35E-01,0.00E+00
2.89E+09,-1.42E-01,0.00E+00
2.89E+09,-1.38E-01,0.00E+00
2.89E+09,-1.30E-01,0.00E+00
2.89E+09,-1.29E-01,0.00E+00
2.89E+09,-1.29E-01,0.00E+00
2.90E+09,-1.30E-01,0.00E+00
2.90E+09,-1.35E-01,0.00E+00
2.90E+09,-1.31E-01,0.00E+00
2.90E+09,-1.32E-01,0.00E+00
2.90E+09,-1.30E-01,0.00E+00
2.91E+09,-1.25E-01,0.00E+00
2.91E+09,-1.31E-01,0.00E+00
2.91E+09,-1.29E-01,0.00E+00
2.91E+09,-1.26E-01,0.00E+00
2.91E+09,-1.26E-01,0.00E+00
2.91E+09,-1.26E-01,0.00E+00
2.92E+09,-1.48E-01,0.00E+00
2.92E+09,-1.36E-01,0.00E+00
2.92E+09,-1.46E-01,0.00E+00
2.92E+09,-1.37E-01,0.00E+00
2.92E+09,-1.45E-01,0.00E+00
2.93E+09,-1.61E-01,0.00E+00
2.93E+09,-1.40E-01,0.00E+00
2.93E+09,-1.42E-01,0.00E+00
2.93E+09,-1.42E-01,0.00E+00
2.93E+09,-1.58E-01,0.00E+00
2.93E+09,-1.49E-01,0.00E+00
2.94E+09,-1.42E-01,0.00E+00
2.94E+09,-1.47E-01,0.00E+00
2.94E+09,-1.58E-01,0.00E+00
2.94E+09,-1.52E-01,0.00E+00
2.94E+09,-1.44E-01,0.00E+00
2.95E+09,-1.39E-01,0.00E+00
2.95E+09,-1.44E-01,0.00E+00
2.95E+09,-1.36E-01,0.00E+00
2.95E+09,-1.33E-01,0.00E+00
2.95E+09,-1.31E-01,0.00E+00
2.96E+09,-1.35E-01,0.00E+00
2.96E+09,-1.41E-01,0.00E+00
2.96E+09,-1.44E-01,0.00E+00
2.96E+09,-1.49E-01,0.00E+00
2.96E+09,-1.43E-01,0.00E+00
2.96E+09,-1.54E-01,0.00E+00
2.97E+09,-1.53E-01,0.00E+00
2.97E+09,-1.53E-01,0.00E+00
2.97E+09,-1.56E-01,0.00E+00
2.97E+09,-1.51E-01,0.00E+00
2.97E+09,-1.46E-01,0.00E+00
2.98E+09,-1.53E-01,0.00E+00
2.98E+09,-1.50E-01,0.00E+00
2.98E+09,-1.54E-01,0.00E+00
2.98E+09,-1.51E-01,0.00E+00
2.98E+09,-1.56E-01,0.00E+00
2.99E+09,-1.57E-01,0.00E+00
2.99E+09,-1.47E-01,0.00E+00
2.99E+09,-1.49E-01,0.00E+00
2.99E+09,-1.62E-01,0.00E+00
2.99E+09,-1.59E-01,0.00E+00
2.99E+09,-1.45E-01,0.00E+00
3.00E+09,-1.38E-01,0.00E+00
3.00E+09,-1.52E-01,0.00E+00
3.00E+09,-1.50E-01,0.00E+00
