2.500000000000000000e+07,3.800000000000000044e-01,-5.500000000000000000e+00
2.600000000000000000e+07,2.800000000000000266e-01,-5.240000000000000213e+00
2.700000000000000000e+07,2.500000000000000000e-01,-5.099999999999999645e+00
2.800000000000000000e+07,2.300000000000000100e-01,-5.900000000000000355e+00
2.900000000000000000e+07,8.999999999999999667e-02,-6.269999999999999574e+00
3.000000000000000000e+07,1.600000000000000033e-01,-6.709999999999999964e+00
3.100000000000000000e+07,2.500000000000000000e-01,-7.200000000000000178e+00
3.199000000000000000e+07,2.800000000000000266e-01,-7.700000000000000178e+00
3.299000000000000373e+07,1.900000000000000022e-01,-8.250000000000000000e+00
3.399000000000000000e+07,5.000000000000000278e-02,-8.189999999999999503e+00
3.499000000000000000e+07,-1.000000000000000021e-02,-8.130000000000000782e+00
3.599000000000000000e+07,1.100000000000000006e-01,-8.050000000000000711e+00
3.699000000000000000e+07,1.100000000000000006e-01,-8.419999999999999929e+00
3.799000000000000000e+07,4.000000000000000083e-02,-8.869999999999999218e+00
3.899000000000000000e+07,1.000000000000000056e-01,-8.919999999999999929e+00
3.999000000000000000e+07,8.999999999999999667e-02,-8.779999999999999361e+00
4.099000000000000000e+07,8.999999999999999667e-02,-9.119999999999999218e+00
4.199000000000000000e+07,2.999999999999999889e-02,-1.022000000000000064e+01
4.299000000000000000e+07,-2.000000000000000042e-02,-1.100000000000000000e+01
4.398000000000000000e+07,-5.999999999999999778e-02,-1.141000000000000014e+01
4.498000000000000000e+07,2.999999999999999889e-02,-1.191999999999999993e+01
4.598000000000000000e+07,5.999999999999999778e-02,-1.173000000000000043e+01
4.698000000000000000e+07,5.999999999999999778e-02,-1.175000000000000000e+01
4.798000000000000000e+07,1.000000000000000021e-02,-1.208999999999999986e+01
4.898000000000000000e+07,-1.000000000000000021e-02,-1.241000000000000014e+01
4.998000000000000000e+07,8.999999999999999667e-02,-1.210999999999999943e+01
5.098000000000000000e+07,1.600000000000000033e-01,-1.088000000000000078e+01
5.198000000000000000e+07,1.700000000000000122e-01,-1.052999999999999936e+01
5.298000000000000000e+07,2.200000000000000011e-01,-1.122000000000000064e+01
5.398000000000000000e+07,8.999999999999999667e-02,-1.203999999999999915e+01
5.498000000000000000e+07,0.000000000000000000e+00,-1.156000000000000050e+01
5.597000000000000000e+07,4.000000000000000083e-02,-1.102999999999999936e+01
5.697000000000000000e+07,5.000000000000000278e-02,-1.100000000000000000e+01
5.797000000000000000e+07,8.999999999999999667e-02,-1.140000000000000036e+01
5.897000000000000000e+07,1.799999999999999933e-01,-1.207000000000000028e+01
5.997000000000000000e+07,2.300000000000000100e-01,-1.273000000000000043e+01
6.097000000000000000e+07,3.300000000000000155e-01,-1.371000000000000085e+01
6.197000000000000000e+07,4.500000000000000111e-01,-1.438000000000000078e+01
6.297000000000000000e+07,4.099999999999999756e-01,-1.590000000000000036e+01
6.397000000000000000e+07,3.400000000000000244e-01,-1.823000000000000043e+01
6.497000000000000000e+07,4.000000000000000222e-01,-2.005000000000000071e+01
6.597000000000000000e+07,5.000000000000000000e-01,-2.114000000000000057e+01
6.697000000000000000e+07,5.899999999999999689e-01,-2.076000000000000156e+01
6.796000000000000000e+07,6.600000000000000311e-01,-1.932999999999999829e+01
6.896000000000000000e+07,7.299999999999999822e-01,-1.737000000000000099e+01
6.996000000000000000e+07,8.000000000000000444e-01,-1.617999999999999972e+01
7.096000000000000000e+07,8.100000000000000533e-01,-1.617000000000000171e+01
7.196000000000000000e+07,8.399999999999999689e-01,-1.673999999999999844e+01
7.296000000000000000e+07,7.900000000000000355e-01,-1.607000000000000028e+01
7.396000000000000000e+07,5.200000000000000178e-01,-1.518999999999999950e+01
7.496000000000000000e+07,1.600000000000000033e-01,-1.511999999999999922e+01
7.596000000000000000e+07,-1.799999999999999933e-01,-1.547000000000000064e+01
7.696000000000000000e+07,-4.000000000000000222e-01,-1.594999999999999929e+01
7.796000000000000000e+07,-4.099999999999999756e-01,-1.633999999999999986e+01
7.896000000000000000e+07,-2.800000000000000266e-01,-1.667999999999999972e+01
7.996000000000000000e+07,-1.700000000000000122e-01,-1.714999999999999858e+01
8.095000000000000000e+07,-1.600000000000000033e-01,-1.778999999999999915e+01
8.195000000000000000e+07,-2.200000000000000011e-01,-1.828999999999999915e+01
8.295000000000000000e+07,-1.199999999999999956e-01,-1.867000000000000171e+01
8.395000000000000000e+07,-2.000000000000000042e-02,-1.912000000000000099e+01
8.495000000000000000e+07,8.000000000000000167e-02,-1.944999999999999929e+01
8.595000000000000000e+07,1.400000000000000133e-01,-1.951999999999999957e+01
8.695000000000000000e+07,1.700000000000000122e-01,-1.960999999999999943e+01
8.795000000000000000e+07,2.200000000000000011e-01,-2.001000000000000156e+01
8.895000000000000000e+07,2.700000000000000178e-01,-2.069000000000000128e+01
8.995000000000000000e+07,2.800000000000000266e-01,-2.148000000000000043e+01
9.095000000000000000e+07,2.700000000000000178e-01,-2.230000000000000071e+01
9.195000000000000000e+07,2.800000000000000266e-01,-2.300000000000000000e+01
9.294000000000000000e+07,3.099999999999999978e-01,-2.348999999999999844e+01
9.394000000000000000e+07,2.999999999999999889e-01,-2.369999999999999929e+01
9.494000000000000000e+07,2.999999999999999889e-01,-2.371999999999999886e+01
9.594000000000000000e+07,3.400000000000000244e-01,-2.357000000000000028e+01
9.694000000000000000e+07,3.800000000000000044e-01,-1.682999999999999829e+01
9.794000000000000000e+07,3.900000000000000133e-01,-1.751999999999999957e+01
9.894000000000000000e+07,3.800000000000000044e-01,-1.835000000000000142e+01
9.994000000000000000e+07,3.499999999999999778e-01,-1.908999999999999986e+01
1.009400000000000000e+08,3.099999999999999978e-01,-1.962000000000000099e+01
1.019400000000000000e+08,2.899999999999999800e-01,-1.992000000000000171e+01
1.029400000000000000e+08,2.700000000000000178e-01,-1.992999999999999972e+01
1.039400000000000000e+08,2.300000000000000100e-01,-1.969000000000000128e+01
1.049300000000000000e+08,2.200000000000000011e-01,-1.987999999999999901e+01
1.059300000000000000e+08,1.700000000000000122e-01,-2.087000000000000099e+01
1.069300000000000000e+08,2.099999999999999922e-01,-2.173999999999999844e+01
1.079300000000000000e+08,2.000000000000000111e-01,-2.235999999999999943e+01
1.089300000000000000e+08,1.499999999999999944e-01,-2.276999999999999957e+01
1.099300000000000000e+08,8.999999999999999667e-02,-2.300000000000000000e+01
1.109300000000000000e+08,4.000000000000000083e-02,-2.312000000000000099e+01
1.119300000000000000e+08,-1.000000000000000021e-02,-2.319999999999999929e+01
1.129300000000000000e+08,1.000000000000000021e-02,-2.316000000000000014e+01
1.139300000000000000e+08,1.000000000000000056e-01,-2.291000000000000014e+01
1.149300000000000000e+08,1.199999999999999956e-01,-2.230999999999999872e+01
1.159300000000000000e+08,8.999999999999999667e-02,-2.132000000000000028e+01
1.169200000000000000e+08,2.999999999999999889e-02,-2.003000000000000114e+01
1.179200000000000000e+08,-2.999999999999999889e-02,-1.921000000000000085e+01
1.189200000000000000e+08,-8.999999999999999667e-02,-1.914999999999999858e+01
1.199200000000000000e+08,-1.400000000000000133e-01,-1.948999999999999844e+01
1.209200000000000000e+08,-1.799999999999999933e-01,-2.016000000000000014e+01
1.219200000000000000e+08,-2.200000000000000011e-01,-2.126999999999999957e+01
1.229200000000000000e+08,-2.399999999999999911e-01,-2.203000000000000114e+01
1.239200000000000000e+08,-2.200000000000000011e-01,-2.251999999999999957e+01
1.249200000000000000e+08,-1.400000000000000133e-01,-2.275000000000000000e+01
1.259200000000000000e+08,-2.000000000000000042e-02,-2.285000000000000142e+01
1.269200000000000000e+08,1.100000000000000006e-01,-2.301999999999999957e+01
1.279200000000000000e+08,2.200000000000000011e-01,-2.328000000000000114e+01
1.289199999999999851e+08,2.999999999999999889e-01,-2.362999999999999901e+01
1.299100000000000000e+08,3.499999999999999778e-01,-2.398000000000000043e+01
1.309100000000000000e+08,3.400000000000000244e-01,-2.428999999999999915e+01
1.319100000000000000e+08,3.200000000000000067e-01,-2.458999999999999986e+01
1.329100000000000000e+08,2.700000000000000178e-01,-2.489999999999999858e+01
1.339100000000000000e+08,2.200000000000000011e-01,-2.512999999999999901e+01
1.349100000000000000e+08,1.900000000000000022e-01,-2.532999999999999829e+01
1.359100000000000000e+08,1.700000000000000122e-01,-2.546000000000000085e+01
1.369100000000000000e+08,1.499999999999999944e-01,-2.557999999999999829e+01
1.379100000000000000e+08,1.300000000000000044e-01,-2.571999999999999886e+01
1.389100000000000000e+08,1.000000000000000056e-01,-2.583999999999999986e+01
1.399100000000000000e+08,7.000000000000000666e-02,-2.594000000000000128e+01
1.409100000000000000e+08,2.999999999999999889e-02,-2.605999999999999872e+01
1.419000000000000000e+08,-1.000000000000000021e-02,-2.626000000000000156e+01
1.429000000000000000e+08,-5.000000000000000278e-02,-2.653000000000000114e+01
1.439000000000000000e+08,-8.999999999999999667e-02,-2.680999999999999872e+01
1.449000000000000000e+08,-1.300000000000000044e-01,-2.703999999999999915e+01
1.459000000000000000e+08,-1.499999999999999944e-01,-2.714000000000000057e+01
1.469000000000000000e+08,-1.700000000000000122e-01,-2.707999999999999829e+01
1.479000000000000000e+08,-2.000000000000000111e-01,-2.689000000000000057e+01
1.489000000000000000e+08,-2.200000000000000011e-01,-2.680000000000000071e+01
1.499000000000000000e+08,-2.300000000000000100e-01,-2.678999999999999915e+01
1.509000000000000000e+08,-2.399999999999999911e-01,-2.680000000000000071e+01
1.519000000000000000e+08,-2.600000000000000089e-01,-2.680000000000000071e+01
1.529000000000000000e+08,-2.899999999999999800e-01,-2.682000000000000028e+01
1.538900000000000000e+08,-3.300000000000000155e-01,-2.689000000000000057e+01
1.548900000000000000e+08,-3.699999999999999956e-01,-2.701000000000000156e+01
1.558900000000000000e+08,-4.099999999999999756e-01,-2.710999999999999943e+01
1.568900000000000000e+08,-4.299999999999999933e-01,-2.712000000000000099e+01
1.578900000000000000e+08,-4.199999999999999845e-01,-2.707999999999999829e+01
1.588900000000000000e+08,-4.199999999999999845e-01,-2.694000000000000128e+01
1.598900000000000000e+08,-4.000000000000000222e-01,-2.671000000000000085e+01
1.608900000000000000e+08,-3.900000000000000133e-01,-2.644000000000000128e+01
1.618900000000000000e+08,-3.599999999999999867e-01,-2.617000000000000171e+01
1.628900000000000000e+08,-3.400000000000000244e-01,-2.598000000000000043e+01
1.638900000000000000e+08,-3.300000000000000155e-01,-2.587000000000000099e+01
1.648900000000000000e+08,-3.300000000000000155e-01,-2.592000000000000171e+01
1.658900000000000000e+08,-3.300000000000000155e-01,-2.614999999999999858e+01
1.668800000000000000e+08,-3.300000000000000155e-01,-2.664999999999999858e+01
1.678800000000000000e+08,-3.099999999999999978e-01,-2.748999999999999844e+01
1.688800000000000000e+08,-2.899999999999999800e-01,-2.866000000000000014e+01
1.698800000000000000e+08,-2.399999999999999911e-01,-3.008999999999999986e+01
1.708800000000000000e+08,-1.700000000000000122e-01,-3.155999999999999872e+01
1.718800000000000000e+08,-8.000000000000000167e-02,-3.289999999999999858e+01
1.728800000000000000e+08,2.999999999999999889e-02,-3.400000000000000000e+01
1.738800000000000000e+08,1.499999999999999944e-01,-3.482000000000000028e+01
1.748800000000000000e+08,2.999999999999999889e-01,-3.535000000000000142e+01
1.758800000000000000e+08,4.400000000000000022e-01,-3.557999999999999829e+01
1.768800000000000000e+08,5.699999999999999512e-01,-3.552000000000000313e+01
1.778800000000000000e+08,6.700000000000000400e-01,-3.518999999999999773e+01
1.788700000000000000e+08,7.099999999999999645e-01,-3.471999999999999886e+01
1.798700000000000000e+08,6.800000000000000488e-01,-3.465999999999999659e+01
1.808700000000000000e+08,6.099999999999999867e-01,-3.542000000000000171e+01
1.818700000000000000e+08,5.000000000000000000e-01,-3.674000000000000199e+01
1.828700000000000000e+08,3.800000000000000044e-01,-3.800000000000000000e+01
1.838700000000000000e+08,2.600000000000000089e-01,-3.893999999999999773e+01
1.848700000000000000e+08,1.499999999999999944e-01,-3.957999999999999829e+01
1.858700000000000000e+08,7.000000000000000666e-02,-4.004999999999999716e+01
1.868700000000000000e+08,4.000000000000000083e-02,-4.040999999999999659e+01
1.878700000000000000e+08,7.000000000000000666e-02,-4.075999999999999801e+01
1.888700000000000000e+08,1.799999999999999933e-01,-4.107000000000000028e+01
1.898700000000000000e+08,2.700000000000000178e-01,-4.129999999999999716e+01
1.908600000000000000e+08,2.800000000000000266e-01,-4.139000000000000057e+01
1.918600000000000000e+08,2.200000000000000011e-01,-4.131000000000000227e+01
1.928600000000000000e+08,1.199999999999999956e-01,-4.113000000000000256e+01
1.938600000000000000e+08,2.999999999999999889e-02,-4.096999999999999886e+01
1.948600000000000000e+08,-4.000000000000000083e-02,-4.084000000000000341e+01
1.958600000000000000e+08,-1.100000000000000006e-01,-4.075999999999999801e+01
1.968600000000000000e+08,-1.799999999999999933e-01,-4.067999999999999972e+01
1.978600000000000000e+08,-2.500000000000000000e-01,-4.060000000000000142e+01
1.988600000000000000e+08,-3.200000000000000067e-01,-4.049000000000000199e+01
1.998600000000000000e+08,-3.900000000000000133e-01,-4.039000000000000057e+01
2.008600000000000000e+08,-4.600000000000000200e-01,-4.034000000000000341e+01
2.018600000000000000e+08,-5.000000000000000000e-01,-4.034000000000000341e+01
2.028600000000000000e+08,-5.400000000000000355e-01,-4.042999999999999972e+01
2.038500000000000000e+08,-5.600000000000000533e-01,-4.059000000000000341e+01
2.048500000000000000e+08,-5.799999999999999600e-01,-4.082000000000000028e+01
2.058500000000000000e+08,-5.799999999999999600e-01,-4.110000000000000142e+01
2.068500000000000000e+08,-5.899999999999999689e-01,-4.143999999999999773e+01
2.078500000000000000e+08,-5.899999999999999689e-01,-4.175999999999999801e+01
2.088500000000000000e+08,-5.799999999999999600e-01,-4.192000000000000171e+01
2.098500000000000000e+08,-5.600000000000000533e-01,-4.215999999999999659e+01
2.108500000000000000e+08,-5.300000000000000266e-01,-4.236999999999999744e+01
2.118500000000000000e+08,-5.000000000000000000e-01,-4.259000000000000341e+01
2.128500000000000000e+08,-4.699999999999999734e-01,-4.279999999999999716e+01
2.138500000000000000e+08,-4.400000000000000022e-01,-4.302000000000000313e+01
2.148500000000000000e+08,-4.299999999999999933e-01,-4.325000000000000000e+01
2.158400000000000000e+08,-4.099999999999999756e-01,-4.349000000000000199e+01
2.168400000000000000e+08,-4.099999999999999756e-01,-4.092999999999999972e+01
2.178400000000000000e+08,-3.900000000000000133e-01,-4.096000000000000085e+01
2.188400000000000000e+08,-3.900000000000000133e-01,-4.100000000000000000e+01
2.198400000000000000e+08,-3.900000000000000133e-01,-4.103000000000000114e+01
2.208400000000000000e+08,-3.800000000000000044e-01,-4.103999999999999915e+01
2.218400000000000000e+08,-3.699999999999999956e-01,-4.107000000000000028e+01
2.228400000000000000e+08,-3.599999999999999867e-01,-4.111999999999999744e+01
2.238400000000000000e+08,-3.400000000000000244e-01,-4.125000000000000000e+01
2.248400000000000000e+08,-3.300000000000000155e-01,-4.140999999999999659e+01
2.258400000000000000e+08,8.000000000000000167e-02,-4.163000000000000256e+01
2.268400000000000000e+08,8.000000000000000167e-02,-4.185999999999999943e+01
2.278400000000000000e+08,8.999999999999999667e-02,-4.209000000000000341e+01
2.288300000000000000e+08,1.000000000000000056e-01,-4.232000000000000028e+01
2.298300000000000000e+08,1.100000000000000006e-01,-4.254999999999999716e+01
2.308300000000000000e+08,1.199999999999999956e-01,-4.277000000000000313e+01
2.318300000000000000e+08,1.400000000000000133e-01,-4.300000000000000000e+01
2.328300000000000000e+08,1.600000000000000033e-01,-4.325999999999999801e+01
2.338300000000000000e+08,1.700000000000000122e-01,-4.353999999999999915e+01
2.348300000000000000e+08,1.799999999999999933e-01,-4.382999999999999829e+01
2.358300000000000000e+08,1.900000000000000022e-01,-4.407999999999999829e+01
2.368300000000000000e+08,1.900000000000000022e-01,-4.429999999999999716e+01
2.378300000000000000e+08,2.000000000000000111e-01,-4.450000000000000000e+01
2.388300000000000000e+08,2.000000000000000111e-01,-4.472999999999999687e+01
2.398300000000000000e+08,2.099999999999999922e-01,-4.496999999999999886e+01
2.408200000000000000e+08,2.200000000000000011e-01,-4.524000000000000199e+01
2.418200000000000000e+08,2.200000000000000011e-01,-4.550000000000000000e+01
2.428200000000000000e+08,2.300000000000000100e-01,-4.578000000000000114e+01
2.438200000000000000e+08,2.300000000000000100e-01,-4.607000000000000028e+01
2.448200000000000000e+08,2.300000000000000100e-01,-4.632999999999999829e+01
2.458200000000000000e+08,2.300000000000000100e-01,-4.654999999999999716e+01
2.468200000000000000e+08,2.300000000000000100e-01,-4.674000000000000199e+01
2.478200000000000000e+08,2.300000000000000100e-01,-4.692999999999999972e+01
2.488200000000000000e+08,2.399999999999999911e-01,-4.714000000000000057e+01
2.498200000000000000e+08,2.399999999999999911e-01,-4.739999999999999858e+01
2.508200000000000000e+08,2.399999999999999911e-01,-4.771000000000000085e+01
2.518200000000000000e+08,2.399999999999999911e-01,-4.807999999999999829e+01
2.528100000000000000e+08,2.399999999999999911e-01,-4.846999999999999886e+01
2.538100000000000000e+08,2.399999999999999911e-01,-4.886999999999999744e+01
2.548100000000000000e+08,2.300000000000000100e-01,-4.924000000000000199e+01
2.558100000000000000e+08,2.399999999999999911e-01,-4.960999999999999943e+01
2.568100000000000000e+08,2.399999999999999911e-01,-4.999000000000000199e+01
2.578100000000000000e+08,2.500000000000000000e-01,-5.038000000000000256e+01
2.588100000000000000e+08,2.600000000000000089e-01,-5.081000000000000227e+01
2.598100000000000000e+08,2.800000000000000266e-01,-5.121999999999999886e+01
2.608100000000000000e+08,2.899999999999999800e-01,-5.157000000000000028e+01
2.618100000000000000e+08,2.899999999999999800e-01,-5.178999999999999915e+01
2.628100000000000000e+08,2.899999999999999800e-01,-5.189999999999999858e+01
2.638100000000000000e+08,2.800000000000000266e-01,-5.189999999999999858e+01
2.648000000000000000e+08,2.700000000000000178e-01,-5.182000000000000028e+01
2.658000000000000000e+08,2.600000000000000089e-01,-5.170000000000000284e+01
2.668000000000000000e+08,2.500000000000000000e-01,-5.157000000000000028e+01
2.678000000000000000e+08,2.300000000000000100e-01,-5.146999999999999886e+01
2.688000000000000000e+08,1.900000000000000022e-01,-5.161999999999999744e+01
2.698000000000000000e+08,1.400000000000000133e-01,-5.170000000000000284e+01
2.708000000000000000e+08,8.000000000000000167e-02,-5.189000000000000057e+01
2.718000000000000000e+08,2.000000000000000042e-02,-5.218999999999999773e+01
2.728000000000000000e+08,-2.000000000000000042e-02,-5.253999999999999915e+01
2.738000000000000000e+08,-5.999999999999999778e-02,-5.286999999999999744e+01
2.748000000000000000e+08,-8.000000000000000167e-02,-5.310999999999999943e+01
2.758000000000000000e+08,-8.000000000000000167e-02,-5.325000000000000000e+01
2.768000000000000000e+08,-7.000000000000000666e-02,-5.331000000000000227e+01
2.777900000000000000e+08,-5.999999999999999778e-02,-5.328999999999999915e+01
2.787900000000000000e+08,-2.999999999999999889e-02,-5.325000000000000000e+01
2.797900000000000000e+08,-1.000000000000000021e-02,-5.320000000000000284e+01
2.807900000000000000e+08,0.000000000000000000e+00,-5.317999999999999972e+01
2.817900000000000000e+08,-1.000000000000000021e-02,-5.317999999999999972e+01
2.827900000000000000e+08,-2.999999999999999889e-02,-5.318999999999999773e+01
2.837900000000000000e+08,-5.999999999999999778e-02,-5.320000000000000284e+01
2.847900000000000000e+08,-1.000000000000000056e-01,-5.325000000000000000e+01
2.857900000000000000e+08,-1.400000000000000133e-01,-5.334000000000000341e+01
2.867900000000000000e+08,-1.600000000000000033e-01,-5.343999999999999773e+01
2.877900000000000000e+08,-1.700000000000000122e-01,-5.361999999999999744e+01
2.887900000000000000e+08,-1.700000000000000122e-01,-5.382999999999999829e+01
2.897800000000000000e+08,-1.700000000000000122e-01,-5.407999999999999829e+01
2.907800000000000000e+08,-1.600000000000000033e-01,-5.432000000000000028e+01
2.917800000000000000e+08,-1.499999999999999944e-01,-5.454999999999999716e+01
2.927800000000000000e+08,-1.400000000000000133e-01,-5.475000000000000000e+01
2.937800000000000000e+08,-1.199999999999999956e-01,-5.493999999999999773e+01
2.947800000000000000e+08,-8.999999999999999667e-02,-5.510999999999999943e+01
2.957800000000000000e+08,-7.000000000000000666e-02,-5.532000000000000028e+01
2.967800000000000000e+08,-5.000000000000000278e-02,-5.554999999999999716e+01
2.977800000000000000e+08,-2.000000000000000042e-02,-5.582000000000000028e+01
2.987800000000000000e+08,-1.000000000000000021e-02,-5.611999999999999744e+01
2.997800000000000000e+08,0.000000000000000000e+00,-5.642999999999999972e+01
3.007800000000000000e+08,1.000000000000000021e-02,-5.675999999999999801e+01
3.017700000000000000e+08,2.000000000000000042e-02,-5.710000000000000142e+01
3.027700000000000000e+08,2.000000000000000042e-02,-5.740999999999999659e+01
3.037700000000000000e+08,2.999999999999999889e-02,-5.770000000000000284e+01
3.047700000000000000e+08,5.000000000000000278e-02,-5.793999999999999773e+01
3.057700000000000000e+08,5.999999999999999778e-02,-5.814000000000000057e+01
3.067700000000000000e+08,5.999999999999999778e-02,-5.828000000000000114e+01
3.077700000000000000e+08,7.000000000000000666e-02,-5.839999999999999858e+01
3.087700000000000000e+08,8.000000000000000167e-02,-5.849000000000000199e+01
3.097700000000000000e+08,7.000000000000000666e-02,-5.857000000000000028e+01
3.107700000000000000e+08,7.000000000000000666e-02,-5.867999999999999972e+01
3.117700000000000000e+08,5.999999999999999778e-02,-5.878999999999999915e+01
3.127700000000000000e+08,4.000000000000000083e-02,-5.892999999999999972e+01
3.137600000000000000e+08,2.999999999999999889e-02,-5.907999999999999829e+01
3.147600000000000000e+08,1.000000000000000021e-02,-5.927000000000000313e+01
3.157600000000000000e+08,-1.000000000000000021e-02,-5.946999999999999886e+01
3.167600000000000000e+08,-2.999999999999999889e-02,-5.967000000000000171e+01
3.177600000000000000e+08,-4.000000000000000083e-02,-5.989000000000000057e+01
3.187600000000000000e+08,-5.000000000000000278e-02,-6.010000000000000142e+01
3.197600000000000000e+08,-5.999999999999999778e-02,-6.031000000000000227e+01
3.207600000000000000e+08,-5.999999999999999778e-02,-6.053000000000000114e+01
3.217600000000000000e+08,-7.000000000000000666e-02,-6.074000000000000199e+01
3.227600000000000000e+08,-7.000000000000000666e-02,-6.092999999999999972e+01
3.237600000000000000e+08,-7.000000000000000666e-02,-6.114000000000000057e+01
3.247600000000000000e+08,-7.000000000000000666e-02,-6.134000000000000341e+01
3.257500000000000000e+08,-8.000000000000000167e-02,-6.152000000000000313e+01
3.267500000000000000e+08,-8.999999999999999667e-02,-6.168999999999999773e+01
3.277500000000000000e+08,-8.999999999999999667e-02,-6.203999999999999915e+01
3.287500000000000000e+08,-1.000000000000000056e-01,-6.220000000000000284e+01
3.297500000000000000e+08,-1.100000000000000006e-01,-6.232999999999999829e+01
3.307500000000000000e+08,-1.199999999999999956e-01,-6.245000000000000284e+01
3.317500000000000000e+08,-1.300000000000000044e-01,-6.254999999999999716e+01
3.327500000000000000e+08,-1.400000000000000133e-01,-6.264000000000000057e+01
3.337500000000000000e+08,-1.400000000000000133e-01,-6.271999999999999886e+01
3.347500000000000000e+08,-1.499999999999999944e-01,-6.278999999999999915e+01
3.357500000000000000e+08,-1.600000000000000033e-01,-6.286999999999999744e+01
3.367500000000000000e+08,-1.700000000000000122e-01,-6.292999999999999972e+01
3.377400000000000000e+08,-1.799999999999999933e-01,-6.302000000000000313e+01
3.387400000000000000e+08,-1.900000000000000022e-01,-6.309000000000000341e+01
3.397400000000000000e+08,-1.900000000000000022e-01,-6.314999999999999858e+01
3.407400000000000000e+08,-2.000000000000000111e-01,-6.321999999999999886e+01
3.417400000000000000e+08,-2.000000000000000111e-01,-6.328999999999999915e+01
3.427400000000000000e+08,-2.000000000000000111e-01,-6.335000000000000142e+01
3.437400000000000000e+08,-2.000000000000000111e-01,-6.339000000000000057e+01
3.447400000000000000e+08,-1.900000000000000022e-01,-6.342000000000000171e+01
3.457400000000000000e+08,-1.900000000000000022e-01,-6.343999999999999773e+01
3.467400000000000000e+08,-1.799999999999999933e-01,-6.342999999999999972e+01
3.477400000000000000e+08,-1.700000000000000122e-01,-6.339999999999999858e+01
3.487400000000000000e+08,-1.600000000000000033e-01,-6.332999999999999829e+01
3.497300000000000000e+08,-1.499999999999999944e-01,-6.321999999999999886e+01
3.507300000000000000e+08,-1.400000000000000133e-01,-6.306000000000000227e+01
3.517300000000000000e+08,-1.300000000000000044e-01,-6.285000000000000142e+01
3.527300000000000000e+08,-1.199999999999999956e-01,-6.206000000000000227e+01
3.537300000000000000e+08,-1.100000000000000006e-01,-6.171999999999999886e+01
3.547300000000000000e+08,-1.000000000000000056e-01,-6.135999999999999943e+01
3.557300000000000000e+08,-8.999999999999999667e-02,-6.097999999999999687e+01
3.567300000000000000e+08,-8.000000000000000167e-02,-6.064000000000000057e+01
3.577300000000000000e+08,-7.000000000000000666e-02,-6.032000000000000028e+01
3.587300000000000000e+08,-5.000000000000000278e-02,-5.956000000000000227e+01
3.597300000000000000e+08,-4.000000000000000083e-02,-5.936999999999999744e+01
3.607300000000000000e+08,-2.000000000000000042e-02,-5.928000000000000114e+01
3.617300000000000000e+08,2.000000000000000042e-02,-5.928999999999999915e+01
3.627200000000000000e+08,5.999999999999999778e-02,-5.942999999999999972e+01
3.637200000000000000e+08,8.999999999999999667e-02,-5.972999999999999687e+01
3.647200000000000000e+08,1.499999999999999944e-01,-6.017999999999999972e+01
3.657200000000000000e+08,2.200000000000000011e-01,-6.078000000000000114e+01
3.667200000000000000e+08,2.899999999999999800e-01,-6.164000000000000057e+01
3.677200000000000000e+08,4.199999999999999845e-01,-6.250999999999999801e+01
3.687200000000000000e+08,5.100000000000000089e-01,-6.346999999999999886e+01
3.697200000000000000e+08,6.300000000000000044e-01,-6.448999999999999488e+01
3.707200000000000000e+08,7.299999999999999822e-01,-6.554000000000000625e+01
3.717200000000000000e+08,8.499999999999999778e-01,-6.653000000000000114e+01
3.727200000000000000e+08,9.699999999999999734e-01,-6.751000000000000512e+01
3.737200000000000000e+08,1.090000000000000080e+00,-6.843999999999999773e+01
3.747100000000000000e+08,1.199999999999999956e+00,-6.929999999999999716e+01
3.757100000000000000e+08,1.300000000000000044e+00,-7.045000000000000284e+01
3.767100000000000000e+08,1.379999999999999893e+00,-7.123000000000000398e+01
3.777100000000000000e+08,1.449999999999999956e+00,-7.198000000000000398e+01
3.787100000000000000e+08,1.510000000000000009e+00,-7.265999999999999659e+01
3.797100000000000000e+08,1.540000000000000036e+00,-7.368000000000000682e+01
3.807100000000000000e+08,1.560000000000000053e+00,-7.423999999999999488e+01
3.817100000000000000e+08,1.570000000000000062e+00,-7.476000000000000512e+01
3.827100000000000000e+08,1.570000000000000062e+00,-7.525000000000000000e+01
3.837100000000000000e+08,1.560000000000000053e+00,-7.570000000000000284e+01
3.847100000000000000e+08,1.469999999999999973e+00,-7.612000000000000455e+01
3.857100000000000000e+08,1.439999999999999947e+00,-7.651999999999999602e+01
3.867000000000000000e+08,1.409999999999999920e+00,-7.692000000000000171e+01
3.877000000000000000e+08,1.379999999999999893e+00,-7.729999999999999716e+01
3.887000000000000000e+08,1.250000000000000000e+00,-7.768999999999999773e+01
3.897000000000000000e+08,1.209999999999999964e+00,-7.806000000000000227e+01
3.907000000000000000e+08,1.169999999999999929e+00,-7.842000000000000171e+01
3.917000000000000000e+08,1.129999999999999893e+00,-7.878000000000000114e+01
3.927000000000000000e+08,1.090000000000000080e+00,-7.906999999999999318e+01
3.937000000000000000e+08,1.050000000000000044e+00,-7.934000000000000341e+01
3.947000000000000000e+08,9.300000000000000488e-01,-7.956999999999999318e+01
3.957000000000000000e+08,8.900000000000000133e-01,-7.976999999999999602e+01
3.967000000000000000e+08,8.599999999999999867e-01,-7.995000000000000284e+01
3.977000000000000000e+08,8.199999999999999512e-01,-8.009999999999999432e+01
3.986900000000000000e+08,7.800000000000000266e-01,-8.021999999999999886e+01
3.996900000000000000e+08,7.399999999999999911e-01,-8.034000000000000341e+01
4.006900000000000000e+08,6.999999999999999556e-01,-8.045000000000000284e+01
4.016900000000000000e+08,6.600000000000000311e-01,-8.056000000000000227e+01
4.026900000000000000e+08,6.199999999999999956e-01,-8.065999999999999659e+01
4.036900000000000000e+08,5.699999999999999512e-01,-8.079999999999999716e+01
4.046900000000000000e+08,5.400000000000000355e-01,-8.092000000000000171e+01
4.056900000000000000e+08,5.000000000000000000e-01,-8.104999999999999716e+01
4.066900000000000000e+08,4.600000000000000200e-01,-8.120000000000000284e+01
4.076900000000000000e+08,4.299999999999999933e-01,-8.134000000000000341e+01
4.086900000000000000e+08,4.099999999999999756e-01,-8.145999999999999375e+01
4.096900000000000000e+08,3.800000000000000044e-01,-8.162999999999999545e+01
4.106800000000000000e+08,3.599999999999999867e-01,-8.178000000000000114e+01
4.116800000000000000e+08,3.400000000000000244e-01,-8.190999999999999659e+01
4.126800000000000000e+08,3.200000000000000067e-01,-8.203000000000000114e+01
4.136800000000000000e+08,3.099999999999999978e-01,-8.214000000000000057e+01
4.146800000000000000e+08,2.999999999999999889e-01,-8.223999999999999488e+01
4.156800000000000000e+08,2.899999999999999800e-01,-8.231999999999999318e+01
4.166800000000000000e+08,2.800000000000000266e-01,-8.237999999999999545e+01
4.176800000000000000e+08,2.700000000000000178e-01,-8.243000000000000682e+01
4.186800000000000000e+08,2.600000000000000089e-01,-8.248000000000000398e+01
4.196800000000000000e+08,2.500000000000000000e-01,-8.254000000000000625e+01
4.206800000000000000e+08,2.500000000000000000e-01,-8.259999999999999432e+01
4.216800000000000000e+08,2.399999999999999911e-01,-8.267000000000000171e+01
4.226700000000000000e+08,2.399999999999999911e-01,-8.276000000000000512e+01
4.236700000000000000e+08,2.300000000000000100e-01,-8.287000000000000455e+01
4.246700000000000000e+08,2.399999999999999911e-01,-8.303000000000000114e+01
4.256700000000000000e+08,2.399999999999999911e-01,-8.321999999999999886e+01
4.266700000000000000e+08,2.500000000000000000e-01,-8.345000000000000284e+01
4.276700000000000000e+08,2.700000000000000178e-01,-8.373000000000000398e+01
4.286700000000000000e+08,2.800000000000000266e-01,-8.407999999999999829e+01
4.296700000000000000e+08,3.099999999999999978e-01,-8.445000000000000284e+01
4.306700000000000000e+08,3.300000000000000155e-01,-8.482999999999999829e+01
4.316700000000000000e+08,3.699999999999999956e-01,-8.521999999999999886e+01
4.326700000000000000e+08,4.000000000000000222e-01,-8.556000000000000227e+01
4.336700000000000000e+08,4.400000000000000022e-01,-8.585999999999999943e+01
4.346600000000000000e+08,4.799999999999999822e-01,-8.610999999999999943e+01
4.356600000000000000e+08,5.100000000000000089e-01,-8.629999999999999716e+01
4.366600000000000000e+08,5.400000000000000355e-01,-8.645999999999999375e+01
4.376600000000000000e+08,5.699999999999999512e-01,-8.657999999999999829e+01
4.386600000000000000e+08,5.899999999999999689e-01,-8.665000000000000568e+01
4.396600000000000000e+08,6.099999999999999867e-01,-8.667000000000000171e+01
4.406600000000000000e+08,6.199999999999999956e-01,-8.664000000000000057e+01
4.416600000000000000e+08,6.300000000000000044e-01,-8.656999999999999318e+01
4.426600000000000000e+08,6.300000000000000044e-01,-8.645000000000000284e+01
4.436600000000000000e+08,6.400000000000000133e-01,-8.626000000000000512e+01
4.446600000000000000e+08,6.400000000000000133e-01,-8.598999999999999488e+01
4.456600000000000000e+08,6.400000000000000133e-01,-8.568999999999999773e+01
4.466600000000000000e+08,6.400000000000000133e-01,-8.529000000000000625e+01
4.476500000000000000e+08,6.400000000000000133e-01,-8.481999999999999318e+01
4.486500000000000000e+08,6.500000000000000222e-01,-8.426999999999999602e+01
4.496500000000000000e+08,6.500000000000000222e-01,-8.364000000000000057e+01
4.506500000000000000e+08,6.500000000000000222e-01,-8.293000000000000682e+01
4.516500000000000000e+08,6.500000000000000222e-01,-8.215999999999999659e+01
4.526500000000000000e+08,6.600000000000000311e-01,-8.131999999999999318e+01
4.536500000000000000e+08,6.600000000000000311e-01,-8.042000000000000171e+01
4.546500000000000000e+08,6.600000000000000311e-01,-7.951999999999999602e+01
4.556500000000000000e+08,6.600000000000000311e-01,-7.864000000000000057e+01
4.566500000000000000e+08,6.500000000000000222e-01,-7.778000000000000114e+01
4.576500000000000000e+08,6.500000000000000222e-01,-7.703000000000000114e+01
4.586500000000000000e+08,6.400000000000000133e-01,-7.637000000000000455e+01
4.596400000000000000e+08,6.400000000000000133e-01,-7.584000000000000341e+01
4.606400000000000000e+08,6.300000000000000044e-01,-7.546999999999999886e+01
4.616400000000000000e+08,6.199999999999999956e-01,-7.523999999999999488e+01
4.626400000000000000e+08,6.099999999999999867e-01,-7.512000000000000455e+01
4.636400000000000000e+08,6.099999999999999867e-01,-7.512999999999999545e+01
4.646400000000000000e+08,6.099999999999999867e-01,-7.520999999999999375e+01
4.656400000000000000e+08,6.199999999999999956e-01,-7.532999999999999829e+01
4.666400000000000000e+08,6.400000000000000133e-01,-7.551999999999999602e+01
4.676400000000000000e+08,6.700000000000000400e-01,-7.573000000000000398e+01
4.686400000000000000e+08,7.099999999999999645e-01,-7.590999999999999659e+01
4.696400000000000000e+08,7.500000000000000000e-01,-7.612999999999999545e+01
4.706400000000000000e+08,8.000000000000000444e-01,-7.631000000000000227e+01
4.716300000000000000e+08,8.599999999999999867e-01,-7.648999999999999488e+01
4.726300000000000000e+08,9.000000000000000222e-01,-7.657999999999999829e+01
4.736300000000000000e+08,9.499999999999999556e-01,-7.668000000000000682e+01
4.746300000000000000e+08,9.799999999999999822e-01,-7.679000000000000625e+01
4.756300000000000000e+08,1.010000000000000009e+00,-7.690999999999999659e+01
4.766300000000000000e+08,1.030000000000000027e+00,-7.706000000000000227e+01
4.776300000000000000e+08,1.030000000000000027e+00,-7.720000000000000284e+01
4.786300000000000000e+08,1.030000000000000027e+00,-7.737000000000000455e+01
4.796300000000000000e+08,1.010000000000000009e+00,-7.754000000000000625e+01
4.806300000000000000e+08,1.000000000000000000e+00,-7.773000000000000398e+01
4.816300000000000000e+08,9.799999999999999822e-01,-7.793000000000000682e+01
4.826300000000000000e+08,9.599999999999999645e-01,-7.812000000000000455e+01
4.836200000000000000e+08,9.399999999999999467e-01,-7.832999999999999829e+01
4.846200000000000000e+08,9.300000000000000488e-01,-7.854999999999999716e+01
4.856200000000000000e+08,9.200000000000000400e-01,-7.876999999999999602e+01
4.866200000000000000e+08,9.100000000000000311e-01,-7.901000000000000512e+01
4.876200000000000000e+08,9.000000000000000222e-01,-7.926000000000000512e+01
4.886200000000000000e+08,8.900000000000000133e-01,-7.950000000000000000e+01
4.896200000000000000e+08,8.800000000000000044e-01,-7.978000000000000114e+01
4.906200000000000000e+08,8.699999999999999956e-01,-8.006999999999999318e+01
4.916200000000000000e+08,8.699999999999999956e-01,-8.035999999999999943e+01
4.926200000000000000e+08,8.599999999999999867e-01,-8.070000000000000284e+01
4.936200000000000000e+08,8.599999999999999867e-01,-8.104999999999999716e+01
4.946200000000000000e+08,8.599999999999999867e-01,-8.145000000000000284e+01
4.956100000000000000e+08,8.599999999999999867e-01,-8.187000000000000455e+01
4.966100000000000000e+08,8.699999999999999956e-01,-8.232999999999999829e+01
4.976100000000000000e+08,8.699999999999999956e-01,-8.281999999999999318e+01
4.986100000000000000e+08,8.800000000000000044e-01,-8.334000000000000341e+01
4.996100000000000000e+08,8.900000000000000133e-01,-8.393000000000000682e+01
5.006100000000000000e+08,9.100000000000000311e-01,-8.453000000000000114e+01
5.016100000000000000e+08,9.300000000000000488e-01,-8.515000000000000568e+01
5.026100000000000000e+08,9.399999999999999467e-01,-8.576999999999999602e+01
5.036100000000000000e+08,9.599999999999999645e-01,-8.643000000000000682e+01
5.046100000000000000e+08,9.899999999999999911e-01,-8.712000000000000455e+01
5.056100000000000000e+08,1.010000000000000009e+00,-8.770999999999999375e+01
5.066100000000000000e+08,1.030000000000000027e+00,-8.839000000000000057e+01
5.076000000000000000e+08,1.060000000000000053e+00,-8.907999999999999829e+01
5.086000000000000000e+08,1.090000000000000080e+00,-8.979000000000000625e+01
5.096000000000000000e+08,1.110000000000000098e+00,-9.051999999999999602e+01
5.106000000000000000e+08,1.129999999999999893e+00,-9.129000000000000625e+01
5.116000000000000000e+08,1.159999999999999920e+00,-9.209000000000000341e+01
5.126000000000000000e+08,1.189999999999999947e+00,-9.295000000000000284e+01
5.136000000000000000e+08,1.219999999999999973e+00,-9.387000000000000455e+01
5.146000000000000000e+08,1.260000000000000009e+00,-9.484999999999999432e+01
5.156000000000000000e+08,1.290000000000000036e+00,-9.589000000000000057e+01
5.166000000000000000e+08,1.340000000000000080e+00,-9.701000000000000512e+01
5.176000000000000000e+08,1.389999999999999902e+00,-9.820999999999999375e+01
5.186000000000000000e+08,1.439999999999999947e+00,-1.000600000000000023e+02
5.196000000000000000e+08,1.500000000000000000e+00,-1.012999999999999972e+02
5.205900000000000596e+08,1.550000000000000044e+00,-1.026099999999999994e+02
5.215900000000000596e+08,1.620000000000000107e+00,-1.039699999999999989e+02
5.225900000000000596e+08,1.679999999999999938e+00,-1.053499999999999943e+02
5.235900000000000596e+08,1.739999999999999991e+00,-1.067900000000000063e+02
5.245900000000000596e+08,1.810000000000000053e+00,-1.082199999999999989e+02
5.255900000000000596e+08,1.860000000000000098e+00,-1.096299999999999955e+02
5.265900000000000596e+08,1.919999999999999929e+00,-1.109599999999999937e+02
5.275900000000000596e+08,1.820000000000000062e+00,-1.122999999999999972e+02
5.285900000000000596e+08,1.860000000000000098e+00,-1.136099999999999994e+02
5.295900000000000596e+08,1.889999999999999902e+00,-1.147500000000000000e+02
5.305900000000000596e+08,1.899999999999999911e+00,-1.158499999999999943e+02
5.315900000000000596e+08,1.899999999999999911e+00,-1.167199999999999989e+02
5.325800000000000596e+08,1.899999999999999911e+00,-1.174800000000000040e+02
5.335800000000000596e+08,1.879999999999999893e+00,-1.180999999999999943e+02
5.345800000000000596e+08,1.850000000000000089e+00,-1.189000000000000057e+02
5.355800000000000596e+08,1.689999999999999947e+00,-1.196500000000000057e+02
5.365800000000000596e+08,1.639999999999999902e+00,-1.200600000000000023e+02
5.375800000000000000e+08,1.590000000000000080e+00,-1.203199999999999932e+02
5.385800000000000000e+08,1.419999999999999929e+00,-1.208400000000000034e+02
5.395800000000000000e+08,1.260000000000000009e+00,-1.227300000000000040e+02
5.405800000000000000e+08,1.100000000000000089e+00,-1.227900000000000063e+02
5.415800000000000000e+08,9.799999999999999822e-01,-1.227199999999999989e+02
5.425800000000000000e+08,8.399999999999999689e-01,-1.225900000000000034e+02
5.435800000000000000e+08,7.900000000000000355e-01,-1.223799999999999955e+02
5.445800000000000000e+08,7.399999999999999911e-01,-1.224800000000000040e+02
5.455700000000000000e+08,6.500000000000000222e-01,-1.221700000000000017e+02
5.465700000000000000e+08,5.400000000000000355e-01,-1.221200000000000045e+02
5.475700000000000000e+08,5.100000000000000089e-01,-1.219899999999999949e+02
5.485700000000000000e+08,6.700000000000000400e-01,-1.217800000000000011e+02
5.495700000000000000e+08,5.899999999999999689e-01,-1.215100000000000051e+02
5.505700000000000000e+08,4.899999999999999911e-01,-1.210300000000000011e+02
5.515700000000000000e+08,4.400000000000000022e-01,-1.206599999999999966e+02
5.525700000000000000e+08,3.699999999999999956e-01,-1.202900000000000063e+02
5.535700000000000000e+08,3.499999999999999778e-01,-1.199000000000000057e+02
5.545700000000000000e+08,3.200000000000000067e-01,-1.195400000000000063e+02
5.555700000000000000e+08,3.099999999999999978e-01,-1.185699999999999932e+02
5.565700000000000000e+08,3.099999999999999978e-01,-1.184000000000000057e+02
5.575600000000000000e+08,3.099999999999999978e-01,-1.184000000000000057e+02
5.585600000000000000e+08,3.200000000000000067e-01,-1.186200000000000045e+02
5.595600000000000000e+08,2.800000000000000266e-01,-1.190699999999999932e+02
5.605600000000000000e+08,3.099999999999999978e-01,-1.197000000000000028e+02
5.615600000000000000e+08,3.400000000000000244e-01,-1.204599999999999937e+02
5.625600000000000000e+08,4.000000000000000222e-01,-1.212999999999999972e+02
5.635600000000000000e+08,4.600000000000000200e-01,-1.219800000000000040e+02
5.645600000000000000e+08,5.600000000000000533e-01,-1.227900000000000063e+02
5.655600000000000000e+08,6.600000000000000311e-01,-1.235300000000000011e+02
5.665600000000000000e+08,7.700000000000000178e-01,-1.240799999999999983e+02
5.675600000000000000e+08,8.900000000000000133e-01,-1.246200000000000045e+02
5.685600000000000000e+08,1.000000000000000000e+00,-1.250900000000000034e+02
5.695600000000000000e+08,1.100000000000000089e+00,-1.254899999999999949e+02
5.705500000000000000e+08,1.090000000000000080e+00,-1.258299999999999983e+02
5.715500000000000000e+08,1.149999999999999911e+00,-1.261200000000000045e+02
5.725500000000000000e+08,1.110000000000000098e+00,-1.263799999999999955e+02
5.735500000000000000e+08,1.120000000000000107e+00,-1.260799999999999983e+02
5.745500000000000000e+08,1.120000000000000107e+00,-1.263700000000000045e+02
5.755500000000000000e+08,1.020000000000000018e+00,-1.265199999999999960e+02
5.765500000000000000e+08,9.899999999999999911e-01,-1.266800000000000068e+02
5.775500000000000000e+08,9.499999999999999556e-01,-1.270000000000000000e+02
5.785500000000000000e+08,9.100000000000000311e-01,-1.272000000000000028e+02
5.795500000000000000e+08,8.599999999999999867e-01,-1.275199999999999960e+02
5.805500000000000000e+08,8.100000000000000533e-01,-1.274300000000000068e+02
5.815500000000000000e+08,7.600000000000000089e-01,-1.277600000000000051e+02
5.825500000000000000e+08,6.500000000000000222e-01,-1.280900000000000034e+02
5.835400000000000000e+08,5.999999999999999778e-01,-1.283899999999999864e+02
5.845400000000000000e+08,5.000000000000000000e-01,-1.285800000000000125e+02
5.855400000000000000e+08,4.099999999999999756e-01,-1.295399999999999920e+02
5.865400000000000000e+08,3.599999999999999867e-01,-1.296999999999999886e+02
5.875400000000000000e+08,2.700000000000000178e-01,-1.295699999999999932e+02
5.885400000000000000e+08,2.300000000000000100e-01,-1.297400000000000091e+02
5.895400000000000000e+08,1.700000000000000122e-01,-1.299199999999999875e+02
5.905400000000000000e+08,1.400000000000000133e-01,-1.301200000000000045e+02
5.915400000000000000e+08,1.000000000000000056e-01,-1.289300000000000068e+02
5.925400000000000000e+08,7.000000000000000666e-02,-1.293600000000000136e+02
5.935400000000000000e+08,1.000000000000000021e-02,-1.298100000000000023e+02
5.945400000000000000e+08,2.999999999999999889e-02,-1.302599999999999909e+02
5.955300000000000000e+08,-2.999999999999999889e-02,-1.306999999999999886e+02
5.965300000000000000e+08,-7.000000000000000666e-02,-1.311599999999999966e+02
5.975300000000000000e+08,-1.300000000000000044e-01,-1.316100000000000136e+02
5.985300000000000000e+08,-1.900000000000000022e-01,-1.320800000000000125e+02
5.995300000000000000e+08,-2.399999999999999911e-01,-1.325300000000000011e+02
6.005300000000000000e+08,1.499999999999999944e-01,-1.329900000000000091e+02
6.015300000000000000e+08,1.400000000000000133e-01,-1.334499999999999886e+02
6.025300000000000000e+08,1.300000000000000044e-01,-1.339099999999999966e+02
6.035300000000000000e+08,1.199999999999999956e-01,-1.343700000000000045e+02
6.045300000000000000e+08,1.100000000000000006e-01,-1.348100000000000023e+02
6.055300000000000000e+08,8.999999999999999667e-02,-1.352500000000000000e+02
6.065300000000000000e+08,8.000000000000000167e-02,-1.356699999999999875e+02
6.075300000000000000e+08,5.999999999999999778e-02,-1.360900000000000034e+02
6.085200000000000000e+08,5.000000000000000278e-02,-1.364499999999999886e+02
6.095200000000000000e+08,2.999999999999999889e-02,-1.367800000000000011e+02
6.105200000000000000e+08,0.000000000000000000e+00,-1.370999999999999943e+02
6.115200000000000000e+08,-2.000000000000000042e-02,-1.373700000000000045e+02
6.125200000000000000e+08,-5.000000000000000278e-02,-1.375900000000000034e+02
6.135200000000000000e+08,-8.000000000000000167e-02,-1.377800000000000011e+02
6.145200000000000000e+08,-1.100000000000000006e-01,-1.379199999999999875e+02
6.155200000000000000e+08,-1.499999999999999944e-01,-1.380300000000000011e+02
6.165200000000000000e+08,-1.799999999999999933e-01,-1.380900000000000034e+02
6.175200000000000000e+08,-2.300000000000000100e-01,-1.380999999999999943e+02
6.185200000000000000e+08,-2.700000000000000178e-01,-1.380999999999999943e+02
6.195200000000000000e+08,-3.200000000000000067e-01,-1.380600000000000023e+02
6.205100000000000000e+08,-3.599999999999999867e-01,-1.380000000000000000e+02
6.215100000000000000e+08,-4.099999999999999756e-01,-1.379300000000000068e+02
6.225100000000000000e+08,-4.600000000000000200e-01,-1.378499999999999943e+02
6.235100000000000000e+08,-5.000000000000000000e-01,-1.377800000000000011e+02
6.245100000000000000e+08,-5.500000000000000444e-01,-1.376999999999999886e+02
6.255100000000000000e+08,-5.899999999999999689e-01,-1.376399999999999864e+02
6.265100000000000000e+08,-6.300000000000000044e-01,-1.375800000000000125e+02
6.275100000000000000e+08,-6.700000000000000400e-01,-1.375399999999999920e+02
6.285100000000000000e+08,-6.999999999999999556e-01,-1.375099999999999909e+02
6.295100000000000000e+08,-7.299999999999999822e-01,-1.374900000000000091e+02
6.305100000000000000e+08,-7.500000000000000000e-01,-1.376500000000000057e+02
6.315100000000000000e+08,-7.800000000000000266e-01,-1.376500000000000057e+02
6.325100000000000000e+08,-7.900000000000000355e-01,-1.376699999999999875e+02
6.335000000000000000e+08,-8.100000000000000533e-01,-1.376999999999999886e+02
6.345000000000000000e+08,-8.100000000000000533e-01,-1.377400000000000091e+02
6.355000000000000000e+08,-8.199999999999999512e-01,-1.378100000000000023e+02
6.365000000000000000e+08,-8.199999999999999512e-01,-1.378899999999999864e+02
6.375000000000000000e+08,-8.199999999999999512e-01,-1.379799999999999898e+02
6.385000000000000000e+08,-8.199999999999999512e-01,-1.380900000000000034e+02
6.395000000000000000e+08,-8.299999999999999600e-01,-1.381999999999999886e+02
6.405000000000000000e+08,-8.299999999999999600e-01,-1.383300000000000125e+02
6.415000000000000000e+08,-8.199999999999999512e-01,-1.384799999999999898e+02
6.425000000000000000e+08,-8.100000000000000533e-01,-1.386299999999999955e+02
6.435000000000000000e+08,-8.100000000000000533e-01,-1.387899999999999920e+02
6.445000000000000000e+08,-7.900000000000000355e-01,-1.389600000000000080e+02
6.455000000000000000e+08,-7.800000000000000266e-01,-1.391299999999999955e+02
6.464900000000000000e+08,-7.700000000000000178e-01,-1.393199999999999932e+02
6.474900000000000000e+08,-7.500000000000000000e-01,-1.395000000000000000e+02
6.484900000000000000e+08,-7.399999999999999911e-01,-1.396999999999999886e+02
6.494900000000000000e+08,-7.299999999999999822e-01,-1.399099999999999966e+02
6.504900000000000000e+08,-7.099999999999999645e-01,-1.401200000000000045e+02
6.514900000000000000e+08,-6.999999999999999556e-01,-1.403600000000000136e+02
6.524900000000000000e+08,-6.800000000000000488e-01,-1.406200000000000045e+02
6.534900000000000000e+08,-6.700000000000000400e-01,-1.408799999999999955e+02
6.544900000000000000e+08,-6.500000000000000222e-01,-1.411800000000000068e+02
6.554900000000000000e+08,-6.400000000000000133e-01,-1.414799999999999898e+02
6.564900000000000000e+08,-6.300000000000000044e-01,-1.418100000000000023e+02
6.574900000000000000e+08,-6.099999999999999867e-01,-1.421500000000000057e+02
6.584800000000000000e+08,-5.899999999999999689e-01,-1.425099999999999909e+02
6.594800000000000000e+08,-5.699999999999999512e-01,-1.429000000000000057e+02
6.604800000000000000e+08,-5.600000000000000533e-01,-1.432800000000000011e+02
6.614800000000000000e+08,-5.400000000000000355e-01,-1.436800000000000068e+02
6.624800000000000000e+08,-5.200000000000000178e-01,-1.440800000000000125e+02
6.634800000000000000e+08,-5.000000000000000000e-01,-1.444900000000000091e+02
6.644800000000000000e+08,-4.799999999999999822e-01,-1.449000000000000057e+02
6.654800000000000000e+08,-4.600000000000000200e-01,-1.452899999999999920e+02
6.664800000000000000e+08,-4.500000000000000111e-01,-1.456699999999999875e+02
6.674800000000000000e+08,-4.400000000000000022e-01,-1.460500000000000114e+02
6.684800000000000000e+08,-4.299999999999999933e-01,-1.464099999999999966e+02
6.694800000000000000e+08,-4.199999999999999845e-01,-1.467599999999999909e+02
6.704800000000000000e+08,-4.099999999999999756e-01,-1.470999999999999943e+02
6.714700000000000000e+08,-4.000000000000000222e-01,-1.474099999999999966e+02
6.724700000000000000e+08,-4.000000000000000222e-01,-1.477199999999999989e+02
6.734700000000000000e+08,-4.000000000000000222e-01,-1.480000000000000000e+02
6.744700000000000000e+08,-4.099999999999999756e-01,-1.482400000000000091e+02
6.754700000000000000e+08,-4.099999999999999756e-01,-1.484799999999999898e+02
6.764700000000000000e+08,-4.199999999999999845e-01,-1.486999999999999886e+02
6.774700000000000000e+08,-4.299999999999999933e-01,-1.489099999999999966e+02
6.784700000000000000e+08,-4.299999999999999933e-01,-1.490900000000000034e+02
6.794700000000000000e+08,-4.400000000000000022e-01,-1.492800000000000011e+02
6.804700000000000000e+08,-4.600000000000000200e-01,-1.494600000000000080e+02
6.814700000000000000e+08,-4.699999999999999734e-01,-1.496299999999999955e+02
6.824700000000000000e+08,-4.799999999999999822e-01,-1.498100000000000023e+02
6.834600000000000000e+08,-4.899999999999999911e-01,-1.499799999999999898e+02
6.844600000000000000e+08,-5.100000000000000089e-01,-1.501399999999999864e+02
6.854600000000000000e+08,-5.200000000000000178e-01,-1.503000000000000114e+02
6.864600000000000000e+08,-5.300000000000000266e-01,-1.504699999999999989e+02
6.874600000000000000e+08,-5.400000000000000355e-01,-1.506399999999999864e+02
6.884600000000000000e+08,-5.500000000000000444e-01,-1.507899999999999920e+02
6.894600000000000000e+08,-5.500000000000000444e-01,-1.509499999999999886e+02
6.904600000000000000e+08,-5.600000000000000533e-01,-1.511100000000000136e+02
6.914600000000000000e+08,-5.600000000000000533e-01,-1.512700000000000102e+02
6.924600000000000000e+08,-5.699999999999999512e-01,-1.514099999999999966e+02
6.934600000000000000e+08,-5.699999999999999512e-01,-1.515699999999999932e+02
6.944600000000000000e+08,-5.699999999999999512e-01,-1.517100000000000080e+02
6.954600000000000000e+08,-5.799999999999999600e-01,-1.518499999999999943e+02
6.964500000000000000e+08,-5.799999999999999600e-01,-1.520000000000000000e+02
6.974500000000000000e+08,-5.799999999999999600e-01,-1.521299999999999955e+02
6.984500000000000000e+08,-5.799999999999999600e-01,-1.522700000000000102e+02
6.994500000000000000e+08,-5.799999999999999600e-01,-1.524000000000000057e+02
7.004500000000000000e+08,-5.799999999999999600e-01,-1.525300000000000011e+02
7.014500000000000000e+08,-5.799999999999999600e-01,-1.526699999999999875e+02
7.024500000000000000e+08,-5.799999999999999600e-01,-1.527899999999999920e+02
7.034500000000000000e+08,-5.799999999999999600e-01,-1.529099999999999966e+02
7.044500000000000000e+08,-5.799999999999999600e-01,-1.530399999999999920e+02
7.054500000000000000e+08,-5.799999999999999600e-01,-1.531699999999999875e+02
7.064500000000000000e+08,-5.699999999999999512e-01,-1.532899999999999920e+02
7.074500000000000000e+08,-5.699999999999999512e-01,-1.534199999999999875e+02
7.084500000000000000e+08,-5.699999999999999512e-01,-1.535399999999999920e+02
7.094400000000000000e+08,-5.600000000000000533e-01,-1.536599999999999966e+02
7.104400000000000000e+08,-5.600000000000000533e-01,-1.537800000000000011e+02
7.114400000000000000e+08,-5.500000000000000444e-01,-1.538899999999999864e+02
7.124400000000000000e+08,-5.400000000000000355e-01,-1.540099999999999909e+02
7.134400000000000000e+08,-5.400000000000000355e-01,-1.541200000000000045e+02
7.144400000000000000e+08,-5.300000000000000266e-01,-1.542400000000000091e+02
7.154400000000000000e+08,-5.200000000000000178e-01,-1.543499999999999943e+02
7.164400000000000000e+08,-5.200000000000000178e-01,-1.544499999999999886e+02
7.174400000000000000e+08,-5.100000000000000089e-01,-1.545699999999999932e+02
7.184400000000000000e+08,-5.000000000000000000e-01,-1.546899999999999977e+02
7.194400000000000000e+08,-4.899999999999999911e-01,-1.548100000000000023e+02
7.204400000000000000e+08,-4.799999999999999822e-01,-1.550000000000000000e+02
7.214300000000000000e+08,-4.699999999999999734e-01,-1.551299999999999955e+02
7.224300000000000000e+08,-4.600000000000000200e-01,-1.553000000000000114e+02
7.234300000000000000e+08,-4.500000000000000111e-01,-1.554900000000000091e+02
7.244300000000000000e+08,-4.299999999999999933e-01,-1.556999999999999886e+02
7.254300000000000000e+08,-4.199999999999999845e-01,-1.559300000000000068e+02
7.264300000000000000e+08,-4.000000000000000222e-01,-1.561800000000000068e+02
7.274300000000000000e+08,-3.900000000000000133e-01,-1.564499999999999886e+02
7.284300000000000000e+08,-3.699999999999999956e-01,-1.567500000000000000e+02
7.294300000000000000e+08,-3.499999999999999778e-01,-1.570600000000000023e+02
7.304300000000000000e+08,-3.200000000000000067e-01,-1.573600000000000136e+02
7.314300000000000000e+08,-2.999999999999999889e-01,-1.576699999999999875e+02
7.324300000000000000e+08,-2.800000000000000266e-01,-1.579900000000000091e+02
7.334300000000000000e+08,-2.600000000000000089e-01,-1.582800000000000011e+02
7.344200000000000000e+08,-2.300000000000000100e-01,-1.585999999999999943e+02
7.354200000000000000e+08,-2.099999999999999922e-01,-1.588700000000000045e+02
7.364200000000000000e+08,-1.900000000000000022e-01,-1.591500000000000057e+02
7.374200000000000000e+08,-1.700000000000000122e-01,-1.594300000000000068e+02
7.384200000000000000e+08,-1.499999999999999944e-01,-1.596899999999999977e+02
7.394200000000000000e+08,-1.300000000000000044e-01,-1.599499999999999886e+02
7.404200000000000000e+08,-1.199999999999999956e-01,-1.602400000000000091e+02
7.414200000000000000e+08,-1.100000000000000006e-01,-1.605399999999999920e+02
7.424200000000000000e+08,-1.000000000000000056e-01,-1.608199999999999932e+02
7.434200000000000000e+08,-8.999999999999999667e-02,-1.610999999999999943e+02
7.444200000000000000e+08,-8.000000000000000167e-02,-1.613499999999999943e+02
7.454200000000000000e+08,-8.000000000000000167e-02,-1.615999999999999943e+02
7.464100000000000000e+08,-7.000000000000000666e-02,-1.618499999999999943e+02
7.474100000000000000e+08,-5.999999999999999778e-02,-1.620900000000000034e+02
7.484100000000000000e+08,-5.999999999999999778e-02,-1.623400000000000034e+02
7.494100000000000000e+08,-5.000000000000000278e-02,-1.625900000000000034e+02
7.504100000000000000e+08,-4.000000000000000083e-02,-1.628499999999999943e+02
7.514100000000000000e+08,-4.000000000000000083e-02,-1.630999999999999943e+02
7.524100000000000000e+08,-2.999999999999999889e-02,-1.633799999999999955e+02
7.534100000000000000e+08,-2.000000000000000042e-02,-1.636399999999999864e+02
7.544100000000000000e+08,-1.000000000000000021e-02,-1.639199999999999875e+02
7.554100000000000000e+08,-1.000000000000000021e-02,-1.641800000000000068e+02
7.564100000000000000e+08,0.000000000000000000e+00,-1.644600000000000080e+02
7.574100000000000000e+08,1.000000000000000021e-02,-1.647199999999999989e+02
7.584100000000000000e+08,2.999999999999999889e-02,-1.650000000000000000e+02
7.594000000000000000e+08,4.000000000000000083e-02,-1.652800000000000011e+02
7.604000000000000000e+08,5.000000000000000278e-02,-1.655600000000000023e+02
7.614000000000000000e+08,5.999999999999999778e-02,-1.658199999999999932e+02
7.624000000000000000e+08,8.000000000000000167e-02,-1.660999999999999943e+02
7.634000000000000000e+08,8.999999999999999667e-02,-1.663899999999999864e+02
7.644000000000000000e+08,1.000000000000000056e-01,-1.666500000000000057e+02
7.654000000000000000e+08,1.199999999999999956e-01,-1.669300000000000068e+02
7.664000000000000000e+08,1.300000000000000044e-01,-1.672100000000000080e+02
7.674000000000000000e+08,1.499999999999999944e-01,-1.674699999999999989e+02
7.684000000000000000e+08,1.600000000000000033e-01,-1.677400000000000091e+02
7.694000000000000000e+08,1.799999999999999933e-01,-1.680000000000000000e+02
7.704000000000000000e+08,1.900000000000000022e-01,-1.682800000000000011e+02
7.714000000000000000e+08,2.000000000000000111e-01,-1.685600000000000023e+02
7.723900000000000000e+08,2.099999999999999922e-01,-1.688499999999999943e+02
7.733900000000000000e+08,2.200000000000000011e-01,-1.691200000000000045e+02
7.743900000000000000e+08,2.399999999999999911e-01,-1.693899999999999864e+02
7.753900000000000000e+08,2.500000000000000000e-01,-1.688300000000000125e+02
7.763900000000000000e+08,2.700000000000000178e-01,-1.690900000000000034e+02
7.773900000000000000e+08,2.800000000000000266e-01,-1.693199999999999932e+02
7.783900000000000000e+08,2.899999999999999800e-01,-1.695600000000000023e+02
7.793900000000000000e+08,2.999999999999999889e-01,-1.697700000000000102e+02
7.803900000000000000e+08,3.200000000000000067e-01,-1.700099999999999909e+02
7.813900000000000000e+08,3.200000000000000067e-01,-1.702500000000000000e+02
7.823900000000000000e+08,3.400000000000000244e-01,-1.703799999999999955e+02
7.833900000000000000e+08,3.499999999999999778e-01,-1.705399999999999920e+02
7.843800000000000000e+08,4.000000000000000222e-01,-1.706599999999999966e+02
7.853800000000000000e+08,4.199999999999999845e-01,-1.707100000000000080e+02
7.863800000000000000e+08,4.299999999999999933e-01,-1.707100000000000080e+02
7.873800000000000000e+08,4.500000000000000111e-01,-1.706100000000000136e+02
7.883800000000000000e+08,4.500000000000000111e-01,-1.705300000000000011e+02
7.893800000000000000e+08,4.600000000000000200e-01,-1.703499999999999943e+02
7.903800000000000000e+08,4.699999999999999734e-01,-1.700999999999999943e+02
7.913800000000000000e+08,4.799999999999999822e-01,-1.697899999999999920e+02
7.923800000000000000e+08,4.799999999999999822e-01,-1.694600000000000080e+02
7.933800000000000000e+08,4.899999999999999911e-01,-1.690600000000000023e+02
7.943800000000000000e+08,4.899999999999999911e-01,-1.686699999999999875e+02
7.953800000000000000e+08,4.899999999999999911e-01,-1.691500000000000057e+02
7.963800000000000000e+08,5.000000000000000000e-01,-1.687599999999999909e+02
7.973700000000000000e+08,5.100000000000000089e-01,-1.684300000000000068e+02
7.983700000000000000e+08,5.100000000000000089e-01,-1.681999999999999886e+02
7.993700000000000000e+08,5.300000000000000266e-01,-1.680600000000000023e+02
8.003700000000000000e+08,5.500000000000000444e-01,-1.680800000000000125e+02
8.013700000000000000e+08,5.699999999999999512e-01,-1.681999999999999886e+02
8.023700000000000000e+08,5.999999999999999778e-01,-1.685600000000000023e+02
8.033700000000000000e+08,6.300000000000000044e-01,-1.690900000000000034e+02
8.043700000000000000e+08,7.500000000000000000e-01,-1.697400000000000091e+02
8.053700000000000000e+08,8.000000000000000444e-01,-1.679199999999999875e+02
8.063700000000000000e+08,8.599999999999999867e-01,-1.689600000000000080e+02
8.073700000000000000e+08,9.300000000000000488e-01,-1.701800000000000068e+02
8.083700000000000000e+08,9.899999999999999911e-01,-1.714799999999999898e+02
8.093600000000000000e+08,1.060000000000000053e+00,-1.728300000000000125e+02
8.103600000000000000e+08,1.120000000000000107e+00,-1.741500000000000057e+02
8.113600000000000000e+08,1.199999999999999956e+00,-1.753899999999999864e+02
8.123600000000000000e+08,1.270000000000000018e+00,-1.765399999999999920e+02
8.133600000000000000e+08,1.350000000000000089e+00,-1.775200000000000102e+02
8.143600000000000000e+08,1.560000000000000053e+00,-1.783499999999999943e+02
8.153600000000000000e+08,1.629999999999999893e+00,-1.789699999999999989e+02
8.163600000000000000e+08,1.699999999999999956e+00,-1.794399999999999977e+02
8.173600000000000000e+08,1.750000000000000000e+00,-1.796899999999999977e+02
8.183600000000000000e+08,1.800000000000000044e+00,-1.798499999999999943e+02
8.193600000000000000e+08,1.820000000000000062e+00,-1.798700000000000045e+02
8.203600000000000000e+08,1.840000000000000080e+00,-1.798000000000000114e+02
8.213600000000000000e+08,1.850000000000000089e+00,-1.796399999999999864e+02
8.223500000000000000e+08,1.840000000000000080e+00,-1.794699999999999989e+02
8.233500000000000000e+08,1.830000000000000071e+00,1.792199999999999989e+02
8.243500000000000000e+08,1.800000000000000044e+00,1.789799999999999898e+02
8.253500000000000000e+08,1.760000000000000009e+00,1.786999999999999886e+02
8.263500000000000000e+08,1.719999999999999973e+00,1.784099999999999966e+02
8.273500000000000000e+08,1.669999999999999929e+00,1.781599999999999966e+02
8.283500000000000000e+08,1.620000000000000107e+00,1.778799999999999955e+02
8.293500000000000000e+08,1.560000000000000053e+00,1.775900000000000034e+02
8.303500000000000000e+08,1.500000000000000000e+00,1.774199999999999875e+02
8.313500000000000000e+08,1.449999999999999956e+00,1.772199999999999989e+02
8.323500000000000000e+08,1.379999999999999893e+00,1.770600000000000023e+02
8.333500000000000000e+08,1.320000000000000062e+00,1.769199999999999875e+02
8.343500000000000000e+08,1.260000000000000009e+00,1.768499999999999943e+02
8.353400000000000000e+08,1.199999999999999956e+00,1.768000000000000114e+02
8.363400000000000000e+08,1.129999999999999893e+00,1.767800000000000011e+02
8.373400000000000000e+08,1.070000000000000062e+00,1.768000000000000114e+02
8.383400000000000000e+08,1.010000000000000009e+00,1.768700000000000045e+02
8.393400000000000000e+08,9.399999999999999467e-01,1.769499999999999886e+02
8.403400000000000000e+08,8.699999999999999956e-01,1.770800000000000125e+02
8.413400000000000000e+08,8.100000000000000533e-01,1.772100000000000080e+02
8.423400000000000000e+08,7.399999999999999911e-01,1.773499999999999943e+02
8.433400000000000000e+08,6.800000000000000488e-01,1.775000000000000000e+02
8.443400000000000000e+08,6.199999999999999956e-01,1.776599999999999966e+02
8.453400000000000000e+08,5.600000000000000533e-01,1.778000000000000114e+02
8.463400000000000000e+08,5.000000000000000000e-01,1.779300000000000068e+02
8.473300000000000000e+08,4.500000000000000111e-01,1.780500000000000114e+02
8.483300000000000000e+08,4.000000000000000222e-01,1.781800000000000068e+02
8.493300000000000000e+08,3.499999999999999778e-01,1.782899999999999920e+02
8.503300000000000000e+08,3.099999999999999978e-01,1.783799999999999955e+02
8.513300000000000000e+08,2.700000000000000178e-01,1.784499999999999886e+02
8.523300000000000000e+08,2.399999999999999911e-01,1.785300000000000011e+02
8.533300000000000000e+08,2.099999999999999922e-01,1.785800000000000125e+02
8.543300000000000000e+08,1.900000000000000022e-01,1.786299999999999955e+02
8.553300000000000000e+08,1.700000000000000122e-01,1.786399999999999864e+02
8.563300000000000000e+08,1.499999999999999944e-01,1.786599999999999966e+02
8.573300000000000000e+08,1.400000000000000133e-01,1.786500000000000057e+02
8.583300000000000000e+08,1.300000000000000044e-01,1.786299999999999955e+02
8.593300000000000000e+08,1.199999999999999956e-01,1.786299999999999955e+02
8.603200000000000000e+08,1.199999999999999956e-01,1.785900000000000034e+02
8.613200000000000000e+08,1.199999999999999956e-01,1.785399999999999920e+02
8.623200000000000000e+08,1.100000000000000006e-01,1.785099999999999909e+02
8.633200000000000000e+08,1.199999999999999956e-01,1.784799999999999898e+02
8.643200000000000000e+08,1.199999999999999956e-01,1.784300000000000068e+02
8.653200000000000000e+08,1.199999999999999956e-01,1.784000000000000057e+02
8.663200000000000000e+08,1.199999999999999956e-01,1.783499999999999943e+02
8.673200000000000000e+08,1.300000000000000044e-01,1.783000000000000114e+02
8.683200000000000000e+08,1.300000000000000044e-01,1.782700000000000102e+02
8.693200000000000000e+08,1.300000000000000044e-01,1.782199999999999989e+02
8.703200000000000000e+08,1.199999999999999956e-01,1.781299999999999955e+02
8.713200000000000000e+08,1.199999999999999956e-01,1.781399999999999864e+02
8.723200000000000000e+08,1.199999999999999956e-01,1.780900000000000034e+02
8.733100000000000000e+08,1.300000000000000044e-01,1.780500000000000114e+02
8.743100000000000000e+08,1.300000000000000044e-01,1.780200000000000102e+02
8.753100000000000000e+08,1.300000000000000044e-01,1.780000000000000000e+02
8.763100000000000000e+08,1.300000000000000044e-01,1.779799999999999898e+02
8.773100000000000000e+08,1.300000000000000044e-01,1.779600000000000080e+02
8.783100000000000000e+08,1.300000000000000044e-01,1.779399999999999977e+02
8.793100000000000000e+08,1.300000000000000044e-01,1.779199999999999875e+02
8.803100000000000000e+08,1.300000000000000044e-01,1.779000000000000057e+02
8.813100000000000000e+08,1.400000000000000133e-01,1.778600000000000136e+02
8.823100000000000000e+08,1.400000000000000133e-01,1.778300000000000125e+02
8.833100000000000000e+08,1.400000000000000133e-01,1.777899999999999920e+02
8.843100000000000000e+08,1.400000000000000133e-01,1.777400000000000091e+02
8.853000000000000000e+08,1.499999999999999944e-01,1.776800000000000068e+02
8.863000000000000000e+08,1.499999999999999944e-01,1.775999999999999943e+02
8.873000000000000000e+08,1.600000000000000033e-01,1.775300000000000011e+02
8.883000000000000000e+08,1.700000000000000122e-01,1.774399999999999977e+02
8.893000000000000000e+08,1.799999999999999933e-01,1.773300000000000125e+02
8.903000000000000000e+08,1.900000000000000022e-01,1.771999999999999886e+02
8.913000000000000000e+08,2.000000000000000111e-01,1.770800000000000125e+02
8.923000000000000000e+08,2.099999999999999922e-01,1.769300000000000068e+02
8.933000000000000000e+08,2.200000000000000011e-01,1.767800000000000011e+02
8.943000000000000000e+08,2.399999999999999911e-01,1.766100000000000136e+02
8.953000000000000000e+08,2.600000000000000089e-01,1.764300000000000068e+02
8.963000000000000000e+08,2.700000000000000178e-01,1.762400000000000091e+02
8.973000000000000000e+08,2.899999999999999800e-01,1.760500000000000114e+02
8.982900000000000000e+08,3.099999999999999978e-01,1.758600000000000136e+02
8.992900000000000000e+08,3.200000000000000067e-01,1.756399999999999864e+02
9.002900000000000000e+08,3.400000000000000244e-01,1.754399999999999977e+02
9.012900000000000000e+08,3.499999999999999778e-01,1.752199999999999989e+02
9.022900000000000000e+08,3.699999999999999956e-01,1.750000000000000000e+02
9.032900000000000000e+08,3.800000000000000044e-01,1.747500000000000000e+02
9.042900000000000000e+08,3.900000000000000133e-01,1.745500000000000114e+02
9.052900000000000000e+08,4.099999999999999756e-01,1.742899999999999920e+02
9.062900000000000000e+08,4.199999999999999845e-01,1.740200000000000102e+02
9.072900000000000000e+08,4.299999999999999933e-01,1.737599999999999909e+02
9.082900000000000000e+08,4.400000000000000022e-01,1.734900000000000091e+02
9.092900000000000000e+08,4.500000000000000111e-01,1.731800000000000068e+02
9.102800000000000000e+08,4.600000000000000200e-01,1.728799999999999955e+02
9.112800000000000000e+08,4.699999999999999734e-01,1.725399999999999920e+02
9.122800000000000000e+08,4.799999999999999822e-01,1.721800000000000068e+02
9.132800000000000000e+08,4.899999999999999911e-01,1.718000000000000114e+02
9.142800000000000000e+08,5.000000000000000000e-01,1.714099999999999966e+02
9.152800000000000000e+08,5.100000000000000089e-01,1.709900000000000091e+02
9.162800000000000000e+08,5.200000000000000178e-01,1.705300000000000011e+02
9.172800000000000000e+08,5.300000000000000266e-01,1.700600000000000023e+02
9.182800000000000000e+08,5.400000000000000355e-01,1.695600000000000023e+02
9.192800000000000000e+08,5.500000000000000444e-01,1.690399999999999920e+02
9.202800000000000000e+08,5.600000000000000533e-01,1.684900000000000091e+02
9.212800000000000000e+08,5.699999999999999512e-01,1.679199999999999875e+02
9.222800000000000000e+08,5.699999999999999512e-01,1.673400000000000034e+02
9.232700000000000000e+08,5.799999999999999600e-01,1.667700000000000102e+02
9.242700000000000000e+08,5.899999999999999689e-01,1.661899999999999977e+02
9.252700000000000000e+08,5.899999999999999689e-01,1.656299999999999955e+02
9.262700000000000000e+08,5.999999999999999778e-01,1.650800000000000125e+02
9.272700000000000000e+08,6.099999999999999867e-01,1.645699999999999932e+02
9.282700000000000000e+08,6.099999999999999867e-01,1.640900000000000034e+02
9.292700000000000000e+08,5.999999999999999778e-01,1.636399999999999864e+02
9.302700000000000000e+08,5.999999999999999778e-01,1.631999999999999886e+02
9.312700000000000000e+08,5.899999999999999689e-01,1.628000000000000114e+02
9.322700000000000000e+08,5.799999999999999600e-01,1.624099999999999966e+02
9.332700000000000000e+08,5.699999999999999512e-01,1.620600000000000023e+02
9.342700000000000000e+08,5.600000000000000533e-01,1.617299999999999898e+02
9.352700000000000000e+08,5.400000000000000355e-01,1.614199999999999875e+02
9.362600000000000000e+08,5.200000000000000178e-01,1.611200000000000045e+02
9.372600000000000000e+08,5.100000000000000089e-01,1.608499999999999943e+02
9.382600000000000000e+08,4.799999999999999822e-01,1.606200000000000045e+02
9.392600000000000000e+08,4.699999999999999734e-01,1.603899999999999864e+02
9.402600000000000000e+08,4.500000000000000111e-01,1.601899999999999977e+02
9.412600000000000000e+08,4.299999999999999933e-01,1.599799999999999898e+02
9.422600000000000000e+08,4.099999999999999756e-01,1.598600000000000136e+02
9.432600000000000000e+08,3.900000000000000133e-01,1.597400000000000091e+02
9.442600000000000000e+08,3.699999999999999956e-01,1.595999999999999943e+02
9.452600000000000000e+08,3.499999999999999778e-01,1.594699999999999989e+02
9.462600000000000000e+08,3.300000000000000155e-01,1.593400000000000034e+02
9.472600000000000000e+08,3.200000000000000067e-01,1.592199999999999989e+02
9.482500000000000000e+08,2.999999999999999889e-01,1.590900000000000034e+02
9.492500000000000000e+08,2.899999999999999800e-01,1.589499999999999886e+02
9.502500000000000000e+08,2.800000000000000266e-01,1.588100000000000023e+02
9.512500000000000000e+08,2.600000000000000089e-01,1.586599999999999966e+02
9.522500000000000000e+08,2.500000000000000000e-01,1.585200000000000102e+02
9.532500000000000000e+08,2.500000000000000000e-01,1.583700000000000045e+02
9.542500000000000000e+08,2.300000000000000100e-01,1.582100000000000080e+02
9.552500000000000000e+08,2.300000000000000100e-01,1.580500000000000114e+02
9.562500000000000000e+08,2.200000000000000011e-01,1.578899999999999864e+02
9.572500000000000000e+08,2.099999999999999922e-01,1.577199999999999989e+02
9.582500000000000000e+08,2.099999999999999922e-01,1.575500000000000114e+02
9.592500000000000000e+08,2.000000000000000111e-01,1.573600000000000136e+02
9.602500000000000000e+08,2.000000000000000111e-01,1.571899999999999977e+02
9.612400000000000000e+08,1.900000000000000022e-01,1.570000000000000000e+02
9.622400000000000000e+08,1.900000000000000022e-01,1.568199999999999932e+02
9.632400000000000000e+08,1.799999999999999933e-01,1.566399999999999864e+02
9.642400000000000000e+08,1.799999999999999933e-01,1.564399999999999977e+02
9.652400000000000000e+08,1.799999999999999933e-01,1.562400000000000091e+02
9.662400000000000000e+08,1.700000000000000122e-01,1.560600000000000023e+02
9.672400000000000000e+08,1.700000000000000122e-01,1.558700000000000045e+02
9.682400000000000000e+08,1.700000000000000122e-01,1.556800000000000068e+02
9.692400000000000000e+08,1.600000000000000033e-01,1.555000000000000000e+02
9.702400000000000000e+08,1.600000000000000033e-01,1.553100000000000023e+02
9.712400000000000000e+08,1.499999999999999944e-01,1.551200000000000045e+02
9.722400000000000000e+08,1.499999999999999944e-01,1.549199999999999875e+02
9.732300000000000000e+08,1.499999999999999944e-01,1.547400000000000091e+02
9.742300000000000000e+08,1.400000000000000133e-01,1.545500000000000114e+02
9.752300000000000000e+08,1.400000000000000133e-01,1.543600000000000136e+02
9.762300000000000000e+08,1.300000000000000044e-01,1.541699999999999875e+02
9.772300000000000000e+08,1.300000000000000044e-01,1.539799999999999898e+02
9.782300000000000000e+08,1.199999999999999956e-01,1.537899999999999920e+02
9.792300000000000000e+08,1.199999999999999956e-01,1.535800000000000125e+02
9.802300000000000000e+08,1.100000000000000006e-01,1.533899999999999864e+02
9.812300000000000000e+08,1.100000000000000006e-01,1.532100000000000080e+02
9.822300000000000000e+08,1.000000000000000056e-01,1.530099999999999909e+02
9.832300000000000000e+08,1.000000000000000056e-01,1.528100000000000023e+02
9.842300000000000000e+08,8.999999999999999667e-02,1.526100000000000136e+02
9.852300000000000000e+08,8.999999999999999667e-02,1.524000000000000057e+02
9.862200000000000000e+08,8.000000000000000167e-02,1.521899999999999977e+02
9.872200000000000000e+08,8.000000000000000167e-02,1.519900000000000091e+02
9.882200000000000000e+08,7.000000000000000666e-02,1.517800000000000011e+02
9.892200000000000000e+08,7.000000000000000666e-02,1.515600000000000023e+02
9.902200000000000000e+08,5.999999999999999778e-02,1.513600000000000136e+02
9.912200000000000000e+08,5.999999999999999778e-02,1.511500000000000057e+02
9.922200000000000000e+08,5.000000000000000278e-02,1.509499999999999886e+02
9.932200000000000000e+08,5.000000000000000278e-02,1.507500000000000000e+02
9.942200000000000000e+08,4.000000000000000083e-02,1.505600000000000023e+02
9.952200000000000000e+08,2.999999999999999889e-02,1.503799999999999955e+02
9.962200000000000000e+08,2.999999999999999889e-02,1.501899999999999977e+02
9.972200000000000000e+08,2.000000000000000042e-02,1.500099999999999909e+02
9.982200000000000000e+08,2.000000000000000042e-02,1.498300000000000125e+02
9.992100000000000000e+08,1.000000000000000021e-02,1.496699999999999875e+02
1.000210000000000000e+09,0.000000000000000000e+00,1.495000000000000000e+02
1.001210000000000000e+09,-1.000000000000000021e-02,1.493400000000000034e+02
1.002210000000000000e+09,-2.000000000000000042e-02,1.491599999999999966e+02
1.003210000000000000e+09,-2.999999999999999889e-02,1.490099999999999909e+02
1.004210000000000000e+09,-4.000000000000000083e-02,1.488499999999999943e+02
1.005210000000000000e+09,-5.000000000000000278e-02,1.486899999999999977e+02
1.006210000000000000e+09,-5.999999999999999778e-02,1.485300000000000011e+02
1.007210000000000000e+09,-7.000000000000000666e-02,1.483700000000000045e+02
1.008210000000000000e+09,-7.000000000000000666e-02,1.482299999999999898e+02
1.009210000000000000e+09,-8.999999999999999667e-02,1.480800000000000125e+02
1.010210000000000000e+09,-1.000000000000000056e-01,1.479300000000000068e+02
1.011200000000000000e+09,-1.000000000000000056e-01,1.478000000000000114e+02
1.012200000000000000e+09,-1.100000000000000006e-01,1.476599999999999966e+02
1.013200000000000000e+09,-1.199999999999999956e-01,1.475300000000000011e+02
1.014200000000000000e+09,-1.400000000000000133e-01,1.474000000000000057e+02
1.015200000000000000e+09,-1.400000000000000133e-01,1.472899999999999920e+02
1.016200000000000000e+09,-1.499999999999999944e-01,1.471599999999999966e+02
1.017200000000000000e+09,-1.600000000000000033e-01,1.470500000000000114e+02
1.018200000000000000e+09,-1.700000000000000122e-01,1.469199999999999875e+02
1.019200000000000000e+09,-1.799999999999999933e-01,1.467899999999999920e+02
1.020200000000000000e+09,-1.900000000000000022e-01,1.466699999999999875e+02
1.021200000000000000e+09,-2.000000000000000111e-01,1.465399999999999920e+02
1.022200000000000000e+09,-2.099999999999999922e-01,1.464099999999999966e+02
1.023200000000000000e+09,-2.200000000000000011e-01,1.462800000000000011e+02
1.024190000000000000e+09,-2.300000000000000100e-01,1.461500000000000057e+02
1.025190000000000000e+09,-2.300000000000000100e-01,1.460300000000000011e+02
1.026190000000000000e+09,-2.399999999999999911e-01,1.458799999999999955e+02
1.027190000000000000e+09,-2.500000000000000000e-01,1.457500000000000000e+02
1.028190000000000000e+09,-2.600000000000000089e-01,1.456100000000000136e+02
1.029190000000000000e+09,-2.600000000000000089e-01,1.454799999999999898e+02
1.030190000000000000e+09,-2.700000000000000178e-01,1.453499999999999943e+02
1.031190000000000000e+09,-2.700000000000000178e-01,1.452199999999999989e+02
1.032190000000000000e+09,-2.800000000000000266e-01,1.450900000000000034e+02
1.033190000000000000e+09,-2.899999999999999800e-01,1.449600000000000080e+02
1.034190000000000000e+09,-2.899999999999999800e-01,1.448300000000000125e+02
1.035180000000000119e+09,-2.999999999999999889e-01,1.447199999999999989e+02
1.036180000000000119e+09,-2.999999999999999889e-01,1.445900000000000034e+02
1.037180000000000119e+09,-2.999999999999999889e-01,1.444699999999999989e+02
1.038180000000000119e+09,-3.099999999999999978e-01,1.443400000000000034e+02
1.039180000000000119e+09,-3.099999999999999978e-01,1.442199999999999989e+02
1.040180000000000119e+09,-3.200000000000000067e-01,1.441100000000000136e+02
1.041180000000000119e+09,-3.200000000000000067e-01,1.439900000000000091e+02
1.042180000000000119e+09,-3.200000000000000067e-01,1.438600000000000136e+02
1.043180000000000119e+09,-3.300000000000000155e-01,1.437400000000000091e+02
1.044180000000000119e+09,-3.300000000000000155e-01,1.436200000000000045e+02
1.045180000000000119e+09,-3.300000000000000155e-01,1.434799999999999898e+02
1.046180000000000119e+09,-3.300000000000000155e-01,1.433499999999999943e+02
1.047170000000000119e+09,-3.300000000000000155e-01,1.431999999999999886e+02
1.048170000000000119e+09,-3.300000000000000155e-01,1.430699999999999932e+02
1.049170000000000119e+09,-3.300000000000000155e-01,1.429300000000000068e+02
1.050170000000000119e+09,-3.300000000000000155e-01,1.427700000000000102e+02
1.051170000000000119e+09,-3.300000000000000155e-01,1.426299999999999955e+02
1.052170000000000119e+09,-3.300000000000000155e-01,1.424900000000000091e+02
1.053170000000000119e+09,-3.300000000000000155e-01,1.423199999999999932e+02
1.054170000000000119e+09,-3.300000000000000155e-01,1.421699999999999875e+02
1.055170000000000119e+09,-3.200000000000000067e-01,1.420099999999999909e+02
1.056170000000000119e+09,-3.200000000000000067e-01,1.418499999999999943e+02
1.057170000000000119e+09,-3.099999999999999978e-01,1.416800000000000068e+02
1.058170000000000119e+09,-3.099999999999999978e-01,1.415200000000000102e+02
1.059160000000000119e+09,-2.999999999999999889e-01,1.413600000000000136e+02
1.060160000000000119e+09,-2.999999999999999889e-01,1.411899999999999977e+02
1.061160000000000119e+09,-2.899999999999999800e-01,1.410099999999999909e+02
1.062160000000000119e+09,-2.899999999999999800e-01,1.408300000000000125e+02
1.063160000000000119e+09,-2.800000000000000266e-01,1.406699999999999875e+02
1.064160000000000119e+09,-2.700000000000000178e-01,1.404900000000000091e+02
1.065160000000000119e+09,-2.600000000000000089e-01,1.403100000000000023e+02
1.066160000000000119e+09,-2.600000000000000089e-01,1.401299999999999955e+02
1.067160000000000119e+09,-2.500000000000000000e-01,1.399600000000000080e+02
1.068160000000000119e+09,-2.399999999999999911e-01,1.397899999999999920e+02
1.069160000000000119e+09,-2.399999999999999911e-01,1.396399999999999864e+02
1.070160000000000119e+09,-2.300000000000000100e-01,1.394699999999999989e+02
1.071150000000000119e+09,-2.200000000000000011e-01,1.392800000000000011e+02
1.072150000000000119e+09,-2.099999999999999922e-01,1.390999999999999943e+02
1.073150000000000119e+09,-2.099999999999999922e-01,1.389099999999999966e+02
1.074150000000000000e+09,-2.000000000000000111e-01,1.387299999999999898e+02
1.075150000000000000e+09,-1.900000000000000022e-01,1.385300000000000011e+02
1.076150000000000000e+09,-1.799999999999999933e-01,1.383400000000000034e+02
1.077150000000000000e+09,-1.700000000000000122e-01,1.381500000000000057e+02
1.078150000000000000e+09,-1.600000000000000033e-01,1.379699999999999989e+02
1.079150000000000000e+09,-1.499999999999999944e-01,1.377800000000000011e+02
1.080150000000000000e+09,-1.400000000000000133e-01,1.375900000000000034e+02
1.081150000000000000e+09,-1.300000000000000044e-01,1.374099999999999966e+02
1.082140000000000000e+09,-1.199999999999999956e-01,1.372100000000000080e+02
1.083140000000000000e+09,-1.100000000000000006e-01,1.370200000000000102e+02
1.084140000000000000e+09,-1.000000000000000056e-01,1.368300000000000125e+02
1.085140000000000000e+09,-8.999999999999999667e-02,1.366399999999999864e+02
1.086140000000000000e+09,-8.000000000000000167e-02,1.364499999999999886e+02
1.087140000000000000e+09,-7.000000000000000666e-02,1.362599999999999909e+02
1.088140000000000000e+09,-5.999999999999999778e-02,1.360699999999999932e+02
1.089140000000000000e+09,-5.000000000000000278e-02,1.358799999999999955e+02
1.090140000000000000e+09,-4.000000000000000083e-02,1.356800000000000068e+02
1.091140000000000000e+09,-2.999999999999999889e-02,1.354900000000000091e+02
1.092140000000000000e+09,-2.000000000000000042e-02,1.353000000000000114e+02
1.093140000000000000e+09,-1.000000000000000021e-02,1.351200000000000045e+02
1.094130000000000000e+09,0.000000000000000000e+00,1.349300000000000068e+02
1.095130000000000000e+09,1.000000000000000021e-02,1.347400000000000091e+02
1.096130000000000000e+09,2.000000000000000042e-02,1.345500000000000114e+02
1.097130000000000000e+09,2.999999999999999889e-02,1.343700000000000045e+02
1.098130000000000000e+09,4.000000000000000083e-02,1.341899999999999977e+02
1.099130000000000000e+09,5.000000000000000278e-02,1.340000000000000000e+02
1.100130000000000000e+09,5.999999999999999778e-02,1.338400000000000034e+02
1.101130000000000000e+09,7.000000000000000666e-02,1.336599999999999966e+02
1.102130000000000000e+09,8.999999999999999667e-02,1.334799999999999898e+02
1.103130000000000000e+09,8.999999999999999667e-02,1.333000000000000114e+02
1.104130000000000000e+09,1.000000000000000056e-01,1.331500000000000057e+02
1.105130000000000000e+09,1.100000000000000006e-01,1.329699999999999989e+02
1.106120000000000000e+09,1.199999999999999956e-01,1.328000000000000114e+02
1.107120000000000000e+09,1.300000000000000044e-01,1.326399999999999864e+02
1.108120000000000000e+09,1.400000000000000133e-01,1.324900000000000091e+02
1.109120000000000000e+09,1.499999999999999944e-01,1.323199999999999932e+02
1.110120000000000000e+09,1.600000000000000033e-01,1.321500000000000057e+02
1.111120000000000000e+09,1.700000000000000122e-01,1.320000000000000000e+02
1.112120000000000000e+09,1.799999999999999933e-01,1.318400000000000034e+02
1.113120000000000000e+09,1.900000000000000022e-01,1.316800000000000068e+02
1.114120000000000000e+09,2.000000000000000111e-01,1.315200000000000102e+02
1.115120000000000000e+09,2.099999999999999922e-01,1.313600000000000136e+02
1.116120000000000000e+09,2.200000000000000011e-01,1.312100000000000080e+02
1.117110000000000000e+09,2.300000000000000100e-01,1.310500000000000114e+02
1.118110000000000000e+09,2.399999999999999911e-01,1.309000000000000057e+02
1.119110000000000000e+09,2.500000000000000000e-01,1.307400000000000091e+02
1.120110000000000000e+09,2.500000000000000000e-01,1.305800000000000125e+02
1.121110000000000000e+09,2.600000000000000089e-01,1.304300000000000068e+02
1.122110000000000000e+09,2.700000000000000178e-01,1.302800000000000011e+02
1.123110000000000000e+09,2.800000000000000266e-01,1.301200000000000045e+02
1.124110000000000000e+09,2.899999999999999800e-01,1.299600000000000080e+02
1.125110000000000000e+09,2.999999999999999889e-01,1.298100000000000023e+02
1.126110000000000000e+09,3.099999999999999978e-01,1.296599999999999966e+02
1.127110000000000000e+09,3.200000000000000067e-01,1.294900000000000091e+02
1.128110000000000000e+09,3.300000000000000155e-01,1.293400000000000034e+02
1.129100000000000000e+09,3.400000000000000244e-01,1.291899999999999977e+02
1.130100000000000000e+09,3.499999999999999778e-01,1.290300000000000011e+02
1.131100000000000000e+09,3.599999999999999867e-01,1.288799999999999955e+02
1.132100000000000000e+09,3.699999999999999956e-01,1.287199999999999989e+02
1.133100000000000000e+09,3.800000000000000044e-01,1.285699999999999932e+02
1.134100000000000000e+09,3.800000000000000044e-01,1.284099999999999966e+02
1.135100000000000000e+09,3.900000000000000133e-01,1.282500000000000000e+02
1.136100000000000000e+09,4.099999999999999756e-01,1.280999999999999943e+02
1.137100000000000000e+09,4.099999999999999756e-01,1.279399999999999977e+02
1.138100000000000000e+09,4.199999999999999845e-01,1.277800000000000011e+02
1.139100000000000000e+09,4.299999999999999933e-01,1.276299999999999955e+02
1.140100000000000000e+09,4.400000000000000022e-01,1.274800000000000040e+02
1.141090000000000000e+09,4.500000000000000111e-01,1.273100000000000023e+02
1.142090000000000000e+09,4.600000000000000200e-01,1.271500000000000057e+02
1.143090000000000000e+09,4.600000000000000200e-01,1.270000000000000000e+02
1.144090000000000000e+09,4.699999999999999734e-01,1.268400000000000034e+02
1.145090000000000000e+09,4.799999999999999822e-01,1.266800000000000068e+02
1.146090000000000000e+09,4.899999999999999911e-01,1.265100000000000051e+02
1.147090000000000000e+09,5.000000000000000000e-01,1.263599999999999994e+02
1.148090000000000000e+09,5.100000000000000089e-01,1.261899999999999977e+02
1.149090000000000000e+09,5.100000000000000089e-01,1.260400000000000063e+02
1.150090000000000000e+09,5.200000000000000178e-01,1.258700000000000045e+02
1.151090000000000000e+09,5.300000000000000266e-01,1.257099999999999937e+02
1.152080000000000000e+09,5.400000000000000355e-01,1.255400000000000063e+02
1.153080000000000000e+09,5.400000000000000355e-01,1.253799999999999955e+02
1.154080000000000000e+09,5.500000000000000444e-01,1.252099999999999937e+02
1.155080000000000000e+09,5.600000000000000533e-01,1.250499999999999972e+02
1.156080000000000000e+09,5.600000000000000533e-01,1.248700000000000045e+02
1.157080000000000000e+09,5.699999999999999512e-01,1.246899999999999977e+02
1.158080000000000000e+09,5.799999999999999600e-01,1.245300000000000011e+02
1.159080000000000000e+09,5.799999999999999600e-01,1.243499999999999943e+02
1.160080000000000000e+09,5.899999999999999689e-01,1.241700000000000017e+02
1.161080000000000000e+09,5.999999999999999778e-01,1.239899999999999949e+02
1.162080000000000000e+09,5.999999999999999778e-01,1.238100000000000023e+02
1.163080000000000000e+09,6.099999999999999867e-01,1.236299999999999955e+02
1.164070000000000000e+09,6.099999999999999867e-01,1.234599999999999937e+02
1.165070000000000000e+09,6.199999999999999956e-01,1.232699999999999960e+02
1.166070000000000000e+09,6.199999999999999956e-01,1.230799999999999983e+02
1.167070000000000000e+09,6.300000000000000044e-01,1.228799999999999955e+02
1.168070000000000000e+09,6.300000000000000044e-01,1.226899999999999977e+02
1.169070000000000000e+09,6.400000000000000133e-01,1.225000000000000000e+02
1.170070000000000000e+09,6.400000000000000133e-01,1.222999999999999972e+02
1.171070000000000000e+09,6.500000000000000222e-01,1.220999999999999943e+02
1.172070000000000000e+09,6.500000000000000222e-01,1.219000000000000057e+02
1.173070000000000000e+09,6.500000000000000222e-01,1.217000000000000028e+02
1.174070000000000000e+09,6.600000000000000311e-01,1.214899999999999949e+02
1.175070000000000000e+09,6.600000000000000311e-01,1.212800000000000011e+02
1.176060000000000000e+09,6.600000000000000311e-01,1.210699999999999932e+02
1.177060000000000000e+09,6.700000000000000400e-01,1.208499999999999943e+02
1.178060000000000000e+09,6.700000000000000400e-01,1.206299999999999955e+02
1.179060000000000000e+09,6.700000000000000400e-01,1.204099999999999966e+02
1.180060000000000000e+09,6.700000000000000400e-01,1.201800000000000068e+02
1.181060000000000000e+09,6.700000000000000400e-01,1.199599999999999937e+02
1.182060000000000000e+09,6.700000000000000400e-01,1.197399999999999949e+02
1.183060000000000000e+09,6.800000000000000488e-01,1.195199999999999960e+02
1.184060000000000000e+09,6.700000000000000400e-01,1.192900000000000063e+02
1.185060000000000000e+09,6.700000000000000400e-01,1.190600000000000023e+02
1.186060000000000000e+09,6.800000000000000488e-01,1.188199999999999932e+02
1.187060000000000000e+09,6.700000000000000400e-01,1.185799999999999983e+02
1.188050000000000000e+09,6.700000000000000400e-01,1.183400000000000034e+02
1.189050000000000000e+09,6.700000000000000400e-01,1.181099999999999994e+02
1.190050000000000000e+09,6.700000000000000400e-01,1.178599999999999994e+02
1.191050000000000000e+09,6.700000000000000400e-01,1.176200000000000045e+02
1.192050000000000000e+09,6.700000000000000400e-01,1.173700000000000045e+02
1.193050000000000000e+09,6.700000000000000400e-01,1.171299999999999955e+02
1.194050000000000000e+09,6.600000000000000311e-01,1.168799999999999955e+02
1.195050000000000000e+09,6.600000000000000311e-01,1.166400000000000006e+02
1.196050000000000000e+09,6.500000000000000222e-01,1.163799999999999955e+02
1.197050000000000000e+09,6.500000000000000222e-01,1.161299999999999955e+02
1.198050000000000000e+09,6.400000000000000133e-01,1.158700000000000045e+02
1.199040000000000000e+09,6.400000000000000133e-01,1.156200000000000045e+02
1.200040000000000000e+09,6.400000000000000133e-01,1.153599999999999994e+02
1.201040000000000000e+09,6.300000000000000044e-01,1.150999999999999943e+02
1.202040000000000000e+09,6.199999999999999956e-01,1.148400000000000034e+02
1.203040000000000000e+09,6.199999999999999956e-01,1.145799999999999983e+02
1.204040000000000000e+09,6.099999999999999867e-01,1.143199999999999932e+02
1.205040000000000000e+09,5.999999999999999778e-01,1.140400000000000063e+02
1.206040000000000000e+09,5.999999999999999778e-01,1.137800000000000011e+02
1.207040000000000000e+09,5.899999999999999689e-01,1.135100000000000051e+02
1.208040000000000000e+09,5.799999999999999600e-01,1.132399999999999949e+02
1.209040000000000000e+09,5.699999999999999512e-01,1.129599999999999937e+02
1.210040000000000000e+09,5.600000000000000533e-01,1.128900000000000006e+02
1.211030000000000000e+09,5.500000000000000444e-01,1.126200000000000045e+02
1.212030000000000000e+09,5.400000000000000355e-01,1.123599999999999994e+02
1.213030000000000000e+09,5.400000000000000355e-01,1.120900000000000034e+02
1.214030000000000000e+09,5.200000000000000178e-01,1.118199999999999932e+02
1.215030000000000000e+09,5.100000000000000089e-01,1.115600000000000023e+02
1.216030000000000000e+09,5.100000000000000089e-01,1.112900000000000063e+02
1.217030000000000000e+09,5.000000000000000000e-01,1.110199999999999960e+02
1.218030000000000000e+09,4.799999999999999822e-01,1.107500000000000000e+02
1.219030000000000000e+09,5.200000000000000178e-01,1.104699999999999989e+02
1.220030000000000000e+09,5.100000000000000089e-01,1.102099999999999937e+02
1.221030000000000000e+09,5.000000000000000000e-01,1.099399999999999977e+02
1.222030000000000000e+09,4.899999999999999911e-01,1.096599999999999966e+02
1.223020000000000000e+09,4.799999999999999822e-01,1.093799999999999955e+02
1.224020000000000000e+09,4.699999999999999734e-01,1.091200000000000045e+02
1.225020000000000000e+09,4.500000000000000111e-01,1.088299999999999983e+02
1.226020000000000000e+09,4.400000000000000022e-01,1.085699999999999932e+02
1.227020000000000000e+09,4.299999999999999933e-01,1.082900000000000063e+02
1.228020000000000000e+09,4.199999999999999845e-01,1.080199999999999960e+02
1.229020000000000000e+09,4.099999999999999756e-01,1.077199999999999989e+02
1.230020000000000000e+09,3.900000000000000133e-01,1.074599999999999937e+02
1.231020000000000000e+09,3.800000000000000044e-01,1.071800000000000068e+02
1.232020000000000000e+09,3.599999999999999867e-01,1.069099999999999966e+02
1.233020000000000000e+09,3.499999999999999778e-01,1.066299999999999955e+02
1.234010000000000000e+09,3.400000000000000244e-01,1.063499999999999943e+02
1.235010000000000000e+09,3.200000000000000067e-01,1.060699999999999932e+02
1.236010000000000000e+09,3.099999999999999978e-01,1.057999999999999972e+02
1.237010000000000000e+09,2.899999999999999800e-01,1.055199999999999960e+02
1.238010000000000000e+09,2.800000000000000266e-01,1.052399999999999949e+02
1.239010000000000000e+09,2.600000000000000089e-01,1.049599999999999937e+02
1.240010000000000000e+09,2.500000000000000000e-01,1.046700000000000017e+02
